0	['experi', 'rabbit', 'easi', 'housebreak', 'like', 'pee', 'poop', 'place', 'everi', 'time', 'case', 'put', 'littl', 'bit', 'wast', 'litter', 'box', 'happili', 'use', 'litter', 'box', 'import', 'go', 'somewher', 'els', 'miss', 'edg', 'kick', 'wast', 'box', 'clean', 'well', 'immedi', 'otherwis', 'spot', 'becom', 'exist', 'place', 'pee', 'poop', 'clean', 'box', 'save', 'littl', 'bit', 'wast', 'put', 'clean', 'box', 'smell', 'right', 'foolproof', 'method', 'get', 'piec', 'wood', 'soak', 'urin', 'put', 'box', 'along', 'drop', 'cage', 'litter', 'box', 'week', 'gener', 'tri', 'first', 'method', 'find', 'use', 'box', 'first', 'day', 'go', 'litter', 'box', 'week', 'method', 'wood', 'block', 'work', 'well', 'move', 'hutch', 'outdoor', 'litter', 'box', 'indoor', 'indoor', 'cage', 'use', 'cage', 'litter', 'box', 'attach', 'litter', 'box', 'section', 'cage', 'rabbit', 'use', 'wast', 'sure', 'use', 'clay', 'newsprint', 'litter', 'type', 'necessarili', 'good', 'rabbit', 'wood', 'litter', 'okay', 'sure', 'fir', 'import', 'thing', 'clean', 'anywher', 'accid', 'high', 'side', 'box', 'help', 'avoid', 'kick', 'soil', 'litter', 'box', 'big', 'caus', 'failur', 'experi']
1	['rabbit', 'easili', 'train', 'use', 'litter', 'tray', 'sometim', 'reliabl', 'averag', 'cat', 'natur', 'instinct', 'wild', 'rabbit', 'use', 'one', 'area', 'latrin', 'still', 'appar', 'domest', 'counterpart', '1', 'actual', 'process', 'similar', 'pad', 'train', 'dog', 'litter', 'box', 'train', 'cat', 'keep', 'rabbit', 'confin', 'small', 'area', 'train', 'move', 'accid', 'litter', 'box', 'rabbit', 'natur', 'start', 'use', 'area', 'busi', 'sourc', 'link', 'detail', '1', 'litter', 'train', 'rabbit', 'emma', 'magnu', 'msc', 'associ', 'pet', 'behaviour', 'counsellor', 'apbc', 'org', 'uk']
2	['could', 'multitud', 'thing', 'lack', 'exercis', 'play', 'big', 'role', 'dog', 'act', 'lot', 'unus', 'energi', 'like', 'act', 'give', 'treat', 'prais', 'encourag', 'behavior', 'tri', 'prevent', 'want', 'refrain', 'treat', 'prais', 'want', 'mean', 'time', 'make', 'clear', 'want', 'want', 'focu', 'attent', 'come', 'across', 'child', 'anoth', 'dog', 'keep', 'right', 'next', 'never', 'front', 'use', 'short', 'leash', 'tri', 'pull', 'tilt', 'leash', 'upward', 'creat', 'unusu', 'pressur', 'bottom', 'neck', 'caus', 'look', 'see', 'go', 'still', 'turn', 'attent', 'forc', 'nudg', 'side', 'leg', 'yield', 'find', 'dog', 'sometim', 'step', 'front', 'hold', 'muzzl', 'forc', 'look', 'also', 'import', 'remain', 'calm', 'easi', 'get', 'upset', 'dog', 'abil', 'read', 'emot', 'tens', 'angri', 'start', 'tune', 'sourc', 'person', 'experi', 'black', 'lab', 'guid', 'insight', 'cesar', 'millan']
3	['lot', 'success', 'crate', 'train', 'dog', 'reliev', 'sleep', 'eat', 'keep', 'enclos', 'area', 'bring', 'outsid', 'go', 'reliev', 'teach', 'ok', 'recommend', 'buy', 'expand', 'crate', 'want', 'give', 'enough', 'room', 'stand', 'turn', 'around', 'enough', 'start', 'go', 'corner', 'grow', 'increas', 'size', 'crate', 'accordingli', 'human', 'societi', 'great', 'info', 'crate', 'train']
4	['see', 'dog', 'whisper', 'dog', 'sens', 'anxieti', 'owner', 'first', 'thing', 'need', 'awar', 'anxieti', 'walk', 'puppi', 'far', 'puppi', 'go', 'still', 'puppi', 'fear', 'unnatur', 'want', 'acclim', 'walk', 'urban', 'area', 'first', 'train', 'walk', 'leash', 'well', 'mean', 'walk', 'dog', 'happen', 'accompani', 'keep', 'eye', 'forward', 'heel', 'walk', 'puppi', 'puppi', 'wander', 'give', 'leash', 'small', 'yank', 'puppi', 'get', 'accustom', 'lot', 'calmer', 'tri', 'noisi', 'environ']
5	['paperjam', 'right', 'crate', 'train', 'probabl', 'effect', 'way', 'quickli', 'housetrain', 'puppi', 'also', 'add', 'routin', 'incred', 'import', 'hous', 'train', 'puppi', 'take', 'dog', 'schedul', 'time', 'everi', 'day', 'also', 'tri', 'take', 'shortli', 'eat', 'puppi', 'might', 'go', 'shortli', '30', 'minut', 'meal', 'want', 'set', 'pup', 'success', 'lastli', 'let', 'emphas', 'accid', 'happen', 'natur', 'frustrat', 'end', 'world', 'want', 'scold', 'puppi', 'rub', 'nose', 'dog', 'realli', 'learn', 'way', 'usual', 'ape', 'emot', 'appeas', 'figur', 'wrong', 'well', 'tri', 'prevent', 'accid', 'happen', 'rather', 'react', 'one', 'alreadi', 'transpir']
6	['feed', 'cat', 'raw', 'meat', 'oblig', 'carnivor', 'human', 'process', 'meat', 'introduc', 'bacteria', 'contamin', 'meat', 'might', 'otherwis', 'want', 'understand', 'introduc', 'raw', 'meat', 'care', 'diet', 'sourc', 'trust', 'local', 'butcher', 'follow', 'good', 'practic', 'save', 'bone', 'dog', 'probabl', 'good', 'sign', 'monitor', 'cat', 'care', 'anyth', 'happen', 'concern', 'unusu', 'stool', 'vomit', 'etc', 'stop', 'immedi', 'potenti', 'take', 'vet', 'check', 'asid', 'realli', 'good', 'food', 'product', 'cat', 'much', 'littl', 'fill', 'spend', 'time', 'read', 'label', 'look', 'product', 'meat', 'high', 'meat', 'volum', 'cat', 'appreci']
7	['cat', 'like', 'dog', 'need', 'lot', 'exercis', 'importantli', 'also', 'share', 'instinct', 'kill', 'except', 'much', 'great', 'degre', 'would', 'say', 'cat', 'need', 'one', 'thing', 'happen', 'exercis', 'buy', 'interact', 'toy', 'someth', 'kill', 'exercis', 'buy', 'mous', 'kill', 'mean', 'someth', 'kill', 'toy', 'someth', 'chew', 'laser', 'chase', 'someth', 'cat', 'chase', 'someth', 'actual', 'anyth', 'build', 'frustrat', 'aggress']
8	['dog', 'young', 'think', 'like', 'slowli', 'accustom', 'urban', 'walk', 'think', 'natur', 'respons', 'see', 'small', 'dog', 'cower', 'wimper', 'fear', 'consol', 'pet', 'effect', 'way', 'dissuad', 'fear', 'well', 'ignor', 'dog', 'feed', 'fear', 'emot', 'see', 'think', 'best', 'bet', 'teach', 'dog', 'walk', 'urban', 'area', 'fun', 'bring', 'treat', 'toy', 'walk', 'zani', 'unpredict', 'way', 'go', 'short', 'burt', 'sprint', 'etc', 'dog', 'eventu', 'begin', 'associ', 'urban', 'walk', 'fun', 'time', 'owner', 'good', 'spirit', 'univers', 'agre', 'upon', 'among', 'trainer', 'believ', 'true', 'other', 'believ', 'pet', 'fear', 'dog', 'harm', 'train', 'procedur', 'person', 'subscrib', 'theori', 'pet', 'prais', 'dog', 'want']
9	['trick', 'cesar', 'milan', 'dog', 'whisper', 'use', 'break', 'puppi', 'fear', 'live', 'urban', 'environ', 'hold', 'tail', 'dog', 'afraid', 'tail', 'tend', 'go', 'leg', 'head', 'bow', 'comfort', 'surround', 'put', 'tail', 'upward', 'simpli', 'well', 'simpli', 'dachshund', 'hold', 'tail', 'walk', 'might', 'help', 'feel', 'confid', 'seem', 'silli', 'work', 'cesar', 'netflix', 'recommend', 'watch', 'episod', '2', 'dog', 'whisper', 'http', 'movi', 'netflix', 'com', 'wimovi', 'the_very_best_of_dog_whisperer_with_cesar_millan', '70270440']
10	['vet', 'say', 'corn', 'base', 'food', 'bad', 'may', 'bia', 'opinion', 'sinc', 'sell', 'kind', 'specialti', 'brand', 'pet', 'food', 'explan', 'domest', 'dog', 'eat', 'corn', 'base', 'food', 'get', 'use', 'digest', 'system', 'build', 'handl', 'meat', 'ask', 'brand', 'asid', 'one', 'sell', 'would', 'recommend', 'almost', 'say', 'nutro', 'best', 'brand', 'feed', 'dog', 'benefit', 'includ', 'easi', 'digest', 'poop', 'less', 'coat', 'feel', 'well', 'shed', 'less', 'switch', 'dog', 'nutro', 'wit', 'result', 'except', 'shed', 'less', 'dog', 'shed', 'keep', 'mind', 'nutro', 'may', 'expens', 'purchas']
11	['one', 'theori', 'hear', 'plastic', 'bag', 'contain', 'remnant', 'fat', 'anim', 'byproduct', 'cat', 'tast', 'smell', 'seem', 'littl', 'doubt', 'though', 'imposs', 'give', 'bag', 'make', 'petroleum', 'product', 'anoth', 'theori', 'plastic', 'acquir', 'scent', 'substanc', 'cat', 'react', 'either', 'theori', 'kind', 'make', 'sens', 'cat', 'lick', 'bag', 'time', 'common', 'connect', 'see', 'plastic', 'come', 'contact', 'thing', 'groceri', 'store', 'lend', 'bit', 'credenc', 'second', 'theori']
12	['would', 'say', 'case', 'tri', 'let', 'dog', 'go', 'night', 'may', 'cost', 'night', 'sleep', 'eventu', 'dog', 'learn', 'go', 'night', 'allow', 'make', 'sure', 'take', 'dog', 'right', 'bed', 'time', 'dog', 'resort', 'go', 'insid', 'hous', 'anger', 'also', 'crate', 'dog', 'night', 'may', 'option', 'behavior', 'stop']
13	['cat', 'tend', 'nibbl', 'sign', 'affect', 'long', 'latch', 'tri', 'draw', 'blood', 'chunk', 'skin', 'danger', 'dedic', 'stop', 'behavior', 'find', 'spray', 'bottl', 'work', 'sinc', 'may', 'alway', 'hand', 'reduc', 'opportun', 'cat', 'nibbl', 'may', 'also', 'reduc', 'behavior', 'may', 'also', 'find', 'cat', 'give', 'bite', 'cri', 'attent', 'cat', 'regularli', 'play', 'pay', 'attent', 'cat', 'bite', 'may', 'stop', 'togeth']
14	['read', 'coverag', 'care', 'investig', 'pet', 'insur', 'sever', 'year', 'ago', 'find', 'use', 'catastroph', 'cost', 'premium', 'equal', 'cost', 'annual', 'exam', 'vet', 'check', 'shot', 'provid', 'minim', 'discount', 'point', 'play', 'odd', 'pet', 'develop', 'cancer', 'glad', 'insur', 'develop', 'someth', 'requir', 'medic', 'surgeri', 'may', 'help', 'much', 'addit', 'often', 'age', 'threshold', 'polici', 'look', 'ten', 'year', 'old', 'cat', 'old', 'best', 'way', 'evalu', 'cost', 'compar', 'premium', 'coverag', 'amount', 'past', 'current', 'data', 'fail', 'estim', 'vet']
15	['kitten', 'gener', 'handl', 'dairi', 'product', 'adult', 'cat', 'usual', 'feed', 'cat', 'dairi', 'product', 'lead', 'digest', 'issu', 'result', 'diarrhea', 'vomit', 'simpli', 'stop', 'give', 'kitten', 'demand', 'would', 'like', 'stop', 'behavior', 'cat', 'learn', 'meow', 'result', 'reward', 'back', 'inform', 'dairi', 'cat', 'human', 'food', 'danger', 'cat', 'petmd', 'com']
16	['chees', 'contain', 'lot', 'fat', 'tasti', 'treat', 'cat', 'realli', 'treat', 'think', 'probabl', 'want', 'reduc', 'quantiti', 'bit', 'mayb', 'fifth', 'make', 'special', 'snack', 'instead', 'look', 'altern', 'treat', 'hard', 'treat', 'keep', 'teeth', 'good', 'shape']
17	['exercis', 'import', 'young', 'kitten', 'cat', 'get', '1', '2', 'hour', 'day', 'exercis', 'get', 'play', 'find', 'game', 'love', 'exampl', 'kitten', 'play', 'unless', 'mous', 'tri', 'buy', 'toy', 'see', 'one', 'like', 'best']
18	['list', 'particular', 'product', 'help', 'carnivor', 'pet', 'suggest', 'consid', 'ingredi', 'food', 'realli', 'realli', 'matter', 'dog', 'meant', 'eat', 'corn', 'wheat', 'mani', 'dog', 'food', 'contain', 'volum', 'filler', 'mean', 'cut', 'cost', 'want', 'look', 'dri', 'wet', 'food', 'choic', 'predominantli', 'meat', 'protein', 'anim', 'fat', 'help', 'dog', 'healthi', 'happi', 'choic', 'also', 'expens', 'typic', 'need', 'go', 'dedic', 'pet', 'store', 'groceri', 'store', 'purchas']
19	['daili', 'exercis', 'good', 'kitten', 'mental', 'physic', 'well', 'exercis', 'help', 'babi', 'cat', 'avoid', 'problem', 'joint', 'later', 'life', 'basic', 'get', 'cat', 'habit', 'regular', 'physic', 'activ', 'young', 'cornerston', 'long', 'healthi', 'life', 'help', 'physic', 'develop', 'much', 'enough', 'make', 'sure', 'consist', 'amount', 'exercis', 'kitten', 'get', 'need', 'help', 'build', 'stamina', 'way', 'exercis', 'regularli', 'caution', 'kitten', 'stage', 'much', 'young', 'rigor', 'activ', 'abl', 'grow', 'older', 'amount', 'exercis', 'kitten', 'need', 'depend', 'age', 'breed', 'medic', 'condit', 'everi', 'breed', 'long', 'walk', 'central', 'park', 'breed', 'build', 'go', 'distanc', 'other', 'alway', 'readi', 'romp', 'gener', 'tri', 'spend', '10', '15', 'minut', 'time', 'day', 'engag', 'cat', 'form', 'activ', 'young', 'cat', 'kitten', 'usual', 'take', 'initi', 'engag', 'play', 'find', 'entertain', 'take', 'look', 'exercis', 'cat', 'guid']
20	['rabbit', 'clean', 'easi', 'train', 'litter', 'tray', 'use', 'natur', 'rabbit', 'spend', 'lot', 'time', 'hutch', 'warren', 'learn', 'use', 'corner', 'rather', 'ever', 'keep', 'live', 'area', 'clean', 'mean', 'job', 'rabbit', 'owner', 'much', 'easi', 'evolut', 'do', 'hard', 'work', 'find', 'spot', 'first', 'hous', 'train', 'rabbit', 'confin', 'small', 'section', 'hous', 'prefer', 'one', 'easi', 'clean', 'area', 'non', 'absorb', 'floor', 'like', 'tile', 'linoleum', 'anim', 'rabbit', 'make', 'mistak', 'first', 'confin', 'area', 'corner', 'want', 'play', 'sever', 'small', 'litter', 'tray', 'newspap', 'catch', 'spill', 'suggest', 'place', 'someth', 'soil', 'tray', 'reinforc', 'smell', 'howev', 'care', 'wood', 'use', 'discuss', 'section', 'litter', 'time', 'notic', 'bunni', 'prefer', 'one', 'spot', 'anoth', 'start', 'prefer', 'slowli', 'remov', 'tray', 'one', 'time', 'accid', 'spot', 'return', 'tray', 'start', 'like', 'bunni', 'pick', 'what', 'happen', 'spot', 'choos', 'get', 'larg', 'elbor', 'tray', 'eventu', 'imprint', 'litter', 'tray', 'rather', 'area', 'allow', 'move', 'litter', 'tray', 'conveni', 'locat', 'need', 'leav', 'bunni', 'someon', 'els', 'litter', 'tray', 'go', 'reduc', 'mess', 'choos', 'right', 'litter', 'rabbit', 'cat', 'litter', 'design', 'cat', 'appropri', 'rabbit', 'els', 'softwood', 'litter', 'base', 'pine', 'cedar', 'must', 'avoid', 'safer', 'choic', 'includ', 'paper', 'hardwood', 'take', 'time', 'find', 'right', 'amount', 'litter', 'rabbit', 'differ', 'prefer', 'deal', 'mess', 'number', 'one', 'loos', 'litter', 'rabbit', 'larg', 'strong', 'leg', 'cat', 'strong', 'urg', 'dig', 'mean', 'litter', 'especi', 'use', 'litter', 'go', 'fli', 'best', 'thing', 'minimis', 'mess', 'get', 'larg', 'deeper', 'litter', 'tray', 'rabbit', 'often', 'tri', 'posit', 'corner', 'reliev', 'posit', 'open', 'way', 'away', 'choos', 'corner', 'box', 'help', 'reduc', 'spillag', 'imag', 'show', 'ideal', 'rabbit', 'litter', 'tray', 'enclos', 'litter', 'tray', 'unlik', 'natur', 'bunni', 'litter', 'tray', 'porou', 'earthen', 'enclosur', 'plant', 'enthusiast', 'absorb', 'nitrogen', 'non', 'porou', 'tray', 'need', 'empti', 'frequent', 'leav', 'enclos', 'allow', 'nitrogen', 'build', 'rabbit', 'pee', 'smell', 'often', 'clean', 'absorb', 'litter', 'answer', 'enclos', 'trya', 'enclos', 'smell', 'rabbit', 'nose', 'much', 'sensit', 'smell', 'build', 'much', 'go', 'choos', 'anoth', 'place', 'go', 'like', 'bed', 'number', 'two', 'happi', 'trail', 'rabbit', 'occasion', 'suffer', 'excit', 'induc', 'fecal', 'incontin', 'cute', 'know', 'happi', 'trail', 'excit', 'whether', 'posit', 'experi', 'come', 'home', 'feed', 'time', 'new', 'vistor', 'neg', 'experi', 'rabbit', 'nail', 'clip', 'bunni', 'may', 'releas', 'drop', 'pellet', 'outsid', 'control', 'usal', 'hard', 'dri', 'easi', 'clean', 'one', 'joy', 'own', 'rabbit', 'pamper', 'rabbit', 'rabbit', 'comfort', 'area', 'eat', 'add', 'hay', 'litter', 'box', 'also', 'help', 'passiv', 'posit', 'rabbit', 'corner', 'rabbit', 'quit', 'clean', 'reliev', 'food', 'posit', 'hay', 'one', 'corner', 'box', 'encourag', 'rabbit', 'go', 'opposit', 'one', 'wast', 'want', 'one', 'final', 'slightli', 'topic', 'note', 'mention', 'rabbit', 'wast', 'well', 'fed', 'bunni', 'high', 'nitrogen', 'use', 'recycl', 'paper', 'base', 'litter', 'use', 'litter', 'excel', 'fertil', 'use', 'garden', 'exampl', 'grow', 'nice', 'leafi', 'green', 'veget', 'fee', 'rabbit', 'thu', 'complet', 'circl', 'life']
21	['low', 'get', 'away', 'issu', 'much', 'output', 'keep', 'laser', 'beam', 'away', 'cat', 'eye', 'minim', 'damag', 'event', 'accident', 'shine', 'laser', 'cat', 'eye', 'reason', 'behind', 'illeg', 'shine', 'laser', 'pass', 'airplan', 'possibl', 'blind', 'pilot']
22	['use', 'red', 'laser', 'danger', 'hit', 'eye', 'cat', 'human', 'red', 'laser', 'usual', 'much', 'less', 'power', 'still', 'visibl', 'cat', 'littl', 'torn', 'topic', 'use', 'red', 'laser', 'cat', 'toy', 'lot', 'time', 'realli', 'intend', 'cat', 'toy', 'worth', 'rememb', 'eye', 'far', 'sensit', 'use', 'laser', 'exercis', 'addit', 'caution']
23	['live', 'caribbean', 'pretti', 'much', 'alway', 'hot', 'whenev', 'cat', 'get', 'restless', 'constant', 'knead', 'meow', 'claw', 'etc', 'give', 'cool', 'tap', 'water', 'anytim', 'fan', 'like', 'sit', 'back', 'chair', 'appar', 'enjoy', 'breez', 'also', 'seem', 'like', 'cold', 'floor', 'tile', 'day', 'rare', 'see', 'rug', 'night', 'put', 'hard', 'pillow', 'basket', 'keep', 'next', 'slightli', 'open', 'window', 'thing', 'keep', 'curtain', 'close', 'direct', 'sun', 'reach', 'home', 'keep', 'door', 'window', 'open', 'bit', 'occasion', 'breez', 'pa', 'also', 'keep', 'water', 'open', 'contain', 'corner']
24	['great', 'luck', 'thundershirt', 'calm', 'pet', 'cat', 'dog', 'work', 'give', 'dog', 'safe', 'place', 'go', 'like', 'crate', 'may', 'provid', 'relief', 'put', 'crate', 'locat', 'away', 'extern', 'wall', 'may', 'help', 'well']
25	['articl', 'princeton', 'univers', 'deal', 'laser', 'pointer', 'use', 'human', 'effect', 'mention', 'use', 'laser', 'pointer', 'higher', '5', 'mw', 'danger', 'use', 'seem', 'like', 'green', 'one', 'might', 'safe', 'although', 'recommend', 'low', 'output', 'well', 'safer', 'like', 'laser', 'avoid', 'point', 'cat', 'eye', 'reflect', 'surfac', 'might', 'reflect', 'laser', 'eye', 'caus', 'problem', 'way', 'human', 'though', 'beyond', 'output', 'anoth', 'concern', 'sinc', 'cat', 'kill', 'laser', 'abl', 'come', 'high', 'hunt', 'may', 'redirect', 'energi', 'neg', 'way', 'excess', 'groom', 'aggress', 'etc', 'suggest', 'end', 'laser', 'pointer', 'play', 'session', 'give', 'cat', 'someth', 'kill', 'stuff', 'toy', 'someth', 'similar']
26	['need', 'refresh', 'cat', 'perfectli', 'capabl', 'stay', 'inact', 'long', 'period', 'time', 'hot', 'hour', 'day', 'genet', 'program', 'predat', 'good', 'conserv', 'energi', 'find', 'seclud', 'spot', 'lurk', 'prey', 'ambush', 'condit', 'hot', 'might', 'exhaust', 'overheat', 'fast', 'make', 'sure', 'cat', 'shade', 'retreat', 'access', 'fresh', 'water', 'place', 'stay', 'well', 'ventil', 'fresh', 'air', 'come', 'prefer', 'access', 'outdoor', 'possibl', 'cat', 'often', 'retreat', 'bush', 'high', 'grass', 'hot', 'hour', 'day', 'also', 'perfectli', 'normal', 'enjoy', 'bit', 'sun', 'worri', 'fur', 'get', 'hot', 'well', 'insul', 'cat', 'speci', 'take', 'long', 'time', 'heat', 'propag', 'onto', 'bodi', 'cat', 'speci', 'short', 'fur', 'heat', 'toler', 'threshold', 'ever', 'slightli', 'low', 'longer', 'fur', 'one', 'also', 'exchang', 'heat', 'mostli', 'breath', 'pad', 'fur', 'perhap', 'give', 'cat', 'access', 'area', 'lay', 'floor', 'tile', 'cooler', 'surfac', 'bad', 'idea', 'either', 'short', 'though', 'long', 'cat', 'essenti', 'provid', 'like', 'access', 'fresh', 'water', 'shade', 'well', 'air', 'area', 'refresh', 'well', 'enough', 'even', 'hot', 'climat', 'hottest', 'hour', 'use', 'howev', 'water', 'sprinkler', 'spray', 'bottl', 'intent', 'help', 'cool', 'cat', 'utterli', 'dislik', 'learn', 'run', 'away', 'achiev', 'opposit', 'stress', 'overheat', 'cat']
27	['miss', 'rabbit', 'great', 'pet', 'treat', 'found', 'veggi', 'make', 'happi', 'alway', 'pellet', 'tend', 'make', 'chubbi', 'rabbit', 'much', 'prefer', 'fresh', 'veggi', 'especi', 'carrot', 'top', 'love', 'green', 'orang', 'part', 'much', 'bug', 'bunni', 'fresh', 'hay', 'one', 'thing', 'realli', 'avoid', 'celeri', 'string', 'stock', 'could', 'choke', 'rabbit', 'gener', 'carrot', 'dandelion', 'romain', 'lettuc', 'big', 'favourit', 'guy', 'good']
28	['distract', 'via', 'food', 'voic', 'otherwis', 'usual', 'good', 'way', 'manag', 'short', 'term', 'person', 'view', 'take', 'quit', 'time', 'dog', 'get', 'connect', 'use', 'distract', 'alon', 'reli', 'thing', 'happen', 'e', 'whenev', 'child', 'happen', 'pa', 'anoth', 'short', 'term', 'techniqu', 'help', 'find', 'incompat', 'behaviour', 'e', 'one', 'perform', 'behaviour', 'exhibit', 'problem', 'behaviour', 'time', 'case', 'exampl', 'might', 'ask', 'dog', 'sit', 'watch', 'behaviour', 'incompat', 'lung', 'e', 'lung', 'sit', 'time', 'ensur', 'motiv', 'keep', 'sit', 'high', 'fear', 'child', 'get', 'averag', 'treat', 'special', 'super', 'yummi', 'sausag', 'steak', 'whatev', 'like', 'differ', 'simpl', 'distract', 'ask', 'dog', 'activ', 'stuff', 'know', 'lung', 'child', 'mean', 'lose', 'reward', 'know', 'get', 'keep', 'still', 'littl', 'bit', 'longer', 'long', 'term', 'solut', 'call', 'desensit', 'counter', 'condit', 'short', 'mean', 'gradual', 'get', 'dog', 'use', 'whatev', 'trigger', 'fear', 'reaction', 'fear', '99', 'time', 'rather', 'aggress', 'time', 'associ', 'trigger', 'posit', 'outcom', 'practic', 'mean', 'want', 'recruit', 'someon', 'child', 'help', 'sinc', 'child', 'seem', 'trigger', 'main', 'thing', 'make', 'train', 'exercis', 'safe', 'child', 'dog', 'ideal', 'set', 'fenc', 'dog', 'child', 'dog', 'get', 'child', 'even', 'lose', 'control', 'leash', 'find', 'distanc', 'dog', 'still', 'comfort', 'child', 'e', 'well', 'start', 'lung', 'show', 'warn', 'signal', 'growl', 'rais', 'heckl', 'etc', 'comfort', 'distanc', 'whenev', 'dog', 'look', 'child', 'reward', 'lot', 'prais', 'food', 'toy', 'motiv', 'dog', 'realli', 'hammer', 'home', 'good', 'thing', 'happen', 'look', 'child', 'react', 'best', 'way', 'dog', 'food', 'motiv', 'give', 'special', 'type', 'treat', 'nice', 'find', 'get', 'around', 'child', 'behav', 'use', 'type', 'treat', 'anyth', 'els', 'dog', 'happi', 'child', 'certain', 'distanc', 'realis', 'good', 'thing', 'happen', 'child', 'around', 'move', 'step', 'closer', 'realli', 'go', 'slowli', 'get', 'wrong', 'undo', 'lot', 'work', 'point', 'get', 'wrong', 'dog', 'react', 'child', 'lead', 'away', 'safe', 'distanc', 'start', 'punish', 'dog', 'one', 'push', 'quickli', 'situat', 'dog', 'comfort', 'simpli', 'go', 'back', 'distanc', 'dog', 'ok', 'start', '5', '10', 'minut', 'wait', 'next', 'day', 'gradual', 'build', 'dog', 'resist', 'child', 'slowli', 'associ', 'good', 'keep', 'mind', 'might', 'long', 'slow', 'process', 'simpl', 'reason', 'actual', 'walk', 'dog', 'forc', 'situat', 'comfort', 'child', 'unfortun', 'tendenc', 'want', 'pet', 'even', 'fearsom', 'aggress', 'look', 'dog', 'lung', 'kid', 'probabl', 'run', 'away', 'mean', 'dog', 'respons', 'get', 'reinforc', 'undo', 'dog', 'scar', 'kid', 'dog', 'lung', 'kid', 'run', 'away', 'dog', 'achiev', 'desir', 'outcom']
29	['lot', 'toy', 'market', 'design', 'stimul', 'cat', 'stick', 'indoor', 'environ', 'usual', 'design', 'mimic', 'behaviour', 'cat', 'use', 'outsid', 'wild', 'etc', 'suggest', 'might', 'want', 'tri', 'involv', 'buy', 'possibl', 'expens', 'toy', 'cat', 'might', 'like', 'give', 'food', 'hunt', 'often', 'use', 'cat', 'treat', 'hide', 'box', 'paper', 'bag', 'like', 'cat', 'hunt', 'like', 'box', 'bag', 'play', 'hunt', 'food', 'give', 'someth', 'climb', 'scratch', 'cat', 'like', 'outdoor', 'cat', 'know', 'like', 'like', 'climb', 'whatev', 'find', 'fenc', 'tree', 'etc', 'tri', 'mimic', 'insid', 'cat', 'tree', 'someth', 'similar', 'might', 'help', 'like', 'string', 'might', 'want', 'consid', 'toy', 'string', 'get', 'one', 'stick', 'hold', 'also', 'find', 'one', 'mount', 'door', 'door', 'frame', 'chase', 'pounc']
30	['dog', 'territori', 'protect', 'area', 'whenev', 'natur', 'artifici', 'border', 'separ', 'territori', 'territori', 'aggress', 'tho', 'open', 'fenc', 'door', 'like', 'observ', 'dog', 'bark', 'passer', 'walk', 'next', 'fenc', 'stop', 'soon', 'pass', 'open', 'door', 'might', 'possibl', 'case', 'probabl', 'observ', 'behaviour', 'previous', 'dog', 'behind', 'fenc', 'describ', 'somewhat', 'low', 'expect', 'unlik', 'stop', 'dog', 'bark', 'passer', 'approach', 'barrier', 'learn', 'protect', 'adopt', 'territori', 'say', 'learn', 'larg', 'part', 'behaviour', 'would', 'precondit', 'greatli', 'depend', 'dog', 'speci', 'say', 'territori', 'dog', 'speci', 'lenient', 'stranger', 'approach', 'might', 'permiss', 'one', 'way', 'prevent', 'would', 'distanc', 'dog', 'fenc', 'mayb', 'build', 'kennel', 'within', 'fenc', 'far', 'enough', 'dog', 'feel', 'comfort', 'stranger', 'pass', 'would', 'depend', 'individu', 'dog', 'realli', 'even', 'peck', 'order', 'one', 'would', 'advis', 'chain', 'dog', 'anyth', 'sort', 'caus', 'inconveni', 'dog', 'realli', 'mere', 'job', 'bark', 'stranger', 'stranger', 'mean', 'passer', 'dog', 'yet', 'success', 'identifi', 'approach', 'differ', 'dog', 'breed', 'differ', 'sight', 'smell', 'hear', 'abil', 'vari', 'altern', 'possibl', 'move', 'fenc', 'slightli', 'protrud', 'onto', 'street', 'least', 'bit', 'neighbour', 'dog', 'see', 'smell', 'hear', 'incom', 'passer', 'nearli', 'brush', 'fenc', 'surpris', 'dog', 'make', 'bark', 'even', 'vigor', 'even', 'way', 'around', 'recess', 'fenc', 'inward', 'enough', 'space', 'pathway', 'beyond', 'fenc', 'fenc', 'anyway', 'mani', 'way', 'help', 'prevent', 'low', 'frequenc', 'bark', 'fenc', 'know', 'behavior', 'origin', 'observ', 'dog', 'allow', 'move', 'freeli', 'lawn', 'take', 'mental', 'note', 'dog', 'feel', 'threaten', 'passer', 'appli', 'rule', 'learn', 'whatev', 'would', 'keep', 'dog', 'bark', 'fenc', 'breed', 'tend', 'nervou', 'other', 'might', 'easier', 'appli', 'rule', 'mitig', 'problem', 'terrier', 'particularli', 'territori', 'name', 'come', 'tho', 'also', 'shepherd', 'usual', 'someth', 'els', 'protect', 'within', 'protect', 'area', 'hound', 'similar', 'might', 'even', 'give', 'attent', 'passer', 'gener', 'rule', 'thumb', 'though', 'big', 'dog', 'breed', 'tend', 'confid', 'slow', 'less', 'energet', 'reaction', 'stranger', 'unless', 'feel', 'realli', 'learn', 'dog', 'way', 'two', 'work', 'togeth', 'figur']
31	['common', 'behaviour', 'differ', 'idea', 'cat', 'seem', 'like', 'shoe', 'particular', 'stash', 'locat', 'small', 'space', 'seem', 'hidden', 'cat', 'like', 'want', 'hunt', 'thing', 'hide', 'later', 'shoe', 'seem', 'like', 'good', 'sneaki', 'way', 'hide', 'away', 'peopl', 'hous', 'anim', 'small', 'hard', 'see', 'easi', 'overlook', 'bring', 'present', 'cat', 'tend', 'hunt', 'bring', 'kill', 'whoever', 'care', 'cat', 'peopl', 'etc', 'sinc', 'shoe', 'retain', 'lot', 'person', 'scent', 'especi', 'one', 'wear', 'often', 'cat', 'associ', 'thu', 'put', 'toy', 'find', 'gift', 'proof', 'hunt', 'prowess']
32	['use', 'squirt', 'bottl', 'techniqu', 'littl', 'squirt', 'water', 'hurt', 'discourag', 'behaviour', 'howev', 'mayb', 'cat', 'especi', 'intract', 'usual', 'short', 'term', 'dissuas', 'experi', 'make', 'sure', 'see', 'squirt', 'may', 'affect', 'reaction']
33	['child', 'alway', 'pick', 'snail', 'shell', 'matter', 'small', 'snail', 'burgundi', 'snail', 'hous', 'sturdi', 'enough', 'wont', 'crush', 'pick', 'appli', 'enough', 'pressur', 'safe', 'grab', 'use', 'mani', 'finger', 'pressur', 'distribut', 'evenli', 'snail', 'foot', 'well', 'protect', 'mucu', 'also', 'secret', 'mucu', 'foot', 'aid', 'locomot', 'reduc', 'friction', 'help', 'reduc', 'risk', 'mechan', 'injuri', 'sharp', 'object', 'mean', 'crawl', 'sharp', 'edg', 'like', 'straight', 'razor', 'injur', 'long', 'care', 'rip', 'snail', 'away', 'surfac', 'safe', 'lift', 'slowli', 'soon', 'gentli', 'pull', 'let', 'go', 'whatev', 'foot', 'attach', 'light', 'light', 'small', 'twig', 'lift', 'anoth', 'way', 'touch', 'snail', 'antenna', 'usual', 'make', 'snail', 'retract', 'shell', 'make', 'pick', 'even', 'easi', 'cours', 'care', 'hurt', 'snail']
34	['human', 'societi', 'unit', 'state', 'suggest', 'prepar', 'pet', 'sound', 'littl', 'silli', 'work', 'one', 'import', 'thing', 'get', 'pet', 'use', 'new', 'nois', 'sound', 'babi', 'make', 'lot', 'pet', 'find', 'babi', 'cri', 'like', 'upset', 'play', 'cri', 'sound', 'like', 'acclim', 'pet', 'exampl', 'actual', 'introduct', 'babi', 'pet', 'suggest', 'first', 'give', 'anim', 'someth', 'babi', 'smell', 'blanket', 'etc', 'get', 'alarm', 'new', 'smell', 'hous', 'possibl', 'also', 'suggest', 'tri', 'keep', 'pet', 'routin', 'much', 'possibl', 'greet', 'pet', 'first', 'without', 'babi', 'arriv', 'home', 'new', 'child', 'basic', 'want', 'pet', 'interact', 'posit', 'babi', 'want', 'reward', 'encourag', 'posit', 'interact', 'first', 'might', 'want', 'limit', 'time', 'pet', 'babi', 'spend', 'activ', 'togeth', 'bring', 'babi', 'sit', 'pet', 'etc', 'hold', 'babi', 'cours', 'small', 'burst', 'extend', 'time', 'pet', 'get', 'use', 'babi']
35	['would', 'say', 'start', 'familiar', 'dog', 'babi', 'scent', 'bring', 'item', 'contain', 'babi', 'scent', 'burp', 'rag', 'bring', 'babi', 'around', 'dog', 'dog', 'sniff', 'distanc', 'first', 'prefer', 'commun', 'dog', 'item', 'give', 'permiss', 'dog', 'sniff', 'help', 'start', 'process', 'creat', 'respect', 'babi', 'care', 'also', 'dog', 'know', 'attack', 'child', 'particularli', 'reason', 'nois', 'might', 'excit', 'might', 'overli', 'rough', 'play', 'around', 'etc', 'mani', 'articl', 'around', 'web', 'suggest', 'leav', 'dog', 'toddler', 'pay', 'attent', 'behav', 'around', 'babi', 'seek', 'attent', 'dog', 'get', 'restless', 'lead', 'accid', 'gener', 'tip', 'pay', 'attent', 'dog', 'around', 'toddler', 'make', 'sure', 'control', 'environ', 'observ', 'becom', 'awar', 'dog', 'seek', 'attent', 'know', 'dog', 'sensit', 'research', 'breed', 'mix', 'startl', 'fast', 'motion', 'nois', 'etc', 'allow', 'dog', 'becom', 'familiar', 'babi', 'equip']
36	['tricki', 'problem', 'simpl', 'fact', 'dog', 'get', 'reward', 'everi', 'time', 'bark', 'passerbi', 'dog', 'head', 'simpl', 'person', 'approach', 'dog', 'bark', 'person', 'leav', 'yay', 'power', 'bark', 'depend', 'size', 'garden', 'none', 'tildalwav', 'suggest', 'option', 'might', 'temporarili', 'keep', 'dog', 'hous', 'home', 'room', 'allow', 'bark', 'passersbi', 'window', 'long', 'term', 'approach', 'use', 'desensitis', 'counter', 'condit', 'slowli', 'get', 'dog', 'use', 'stranger', 'come', 'near', 'fenc', 'start', 'associ', 'stranger', 'good', 'thing', 'happen', 'tm', 'recruit', 'stranger', 'dog', 'ask', 'approach', 'fenc', 'distanc', 'dog', 'comfort', 'reward', 'dog', 'notic', 'stranger', 'bark', 'slowli', 'move', 'dog', 'stranger', 'closer', 'togeth', 'keep', 'reward', 'good', 'behaviour', 'tri', 'set', 'dog', 'success', 'much', 'possibl', 'less', 'often', 'get', 'dog', 'threshold', 'wrong', 'quicker', 'learn', 'also', 'import', 'stranger', 'move', 'away', 'dog', 'start', 'bark', 'reinforc', 'unwant', 'behaviour', 'ask', 'person', 'stay', 'still', 'move', 'dog', 'away', 'fenc', 'exercis', 'plenti', 'patienc', 'might', 'take']
37	['may', 'find', 'engin', 'nois', 'distract', 'irrit', 'say', 'human', 'reaction', 'vocal', 'displeasur', 'result', 'honest', 'think', 'heard', 'may', 'worth', 'hear', 'ear', 'check', 'safe']
38	['addit', 'john', 'cavan', 'answer', 'rule', 'medic', 'problem', 'dog', 'like', 'howl', 'plane', 'make', 'go', 'away', 'work', 'plane', 'pa', 'hous', 'frequent', 'enough', 'want', 'desensitis', 'dog', 'nois', 'tri', 'search', 'airplan', 'nois', 'youtub', 'play', 'volum', 'dog', 'comfort', 'reward', 'lot', 'treat', 'prais', 'increas', 'volum', 'small', 'step', 'undo', 'lot', 'work', 'misjudg', 'dog', 'limit', 'start', 'howl', 'lot', 'patienc', 'like', 'take', 'dog', 'get', 'use', 'nois', 'associ', 'good', 'thing', 'happen', 'tm']
39	['accord', 'variou', 'pet', 'behaviourist', 'dog', 'circadian', 'rhythm', 'gener', 'set', 'around', 'amount', 'daylight', 'rather', 'time', 'lack', 'abil', 'differenti', 'say', '6', 'pm', '7', 'pm', 'way', 'human', 'mitig', 'artifici', 'light', 'cycl', 'turn', 'light', 'etc', 'home', 'pet', 'might', 'notic', 'chang', 'like', 'take', 'bit', 'adjust', 'gener', 'adjust', 'differ', 'daylight', 'time', 'etc', 'come', 'daylight', 'save', 'time', 'like', 'choos', 'slowli', 'adjust', 'pet', 'schedul', 'gener', 'pet', 'okay', 'time', 'chang', 'like', 'human', 'pet', 'need', 'time', 'adjust', 'gener', 'figur']
40	['find', 'rabbit', 'love', 'eat', 'timothi', 'hay', 'banana', 'slightli', 'peel', 'grape', 'mostli', 'stuff', 'sweet', 'hate', 'veggi', 'tri', 'kind', 'green', 'avail', 'groceri', 'store', 'timothi', 'hay', 'rabbit', 'eat', 'anyth', 'green', 'even', 'prefer', 'brand', 'complet', 'list', 'do', 't', 'find', 'term', 'food']
41	['use', 'magnet', 'fish', 'tank', 'clean', 'one', 'exampl', 'consist', 'two', 'piec', 'use', 'magnet', 'attach', 'glass', 'one', 'piec', 'often', 'shape', 'like', 'grip', 'piec', 'surfac', 'use', 'clean', 'alga', 'care', 'clean', 'surfac', 'free', 'sand', 'dirt', 'otherwis', 'might', 'scratch', 'glass', 'float', 'version', 'avail', 'drop', 'bottom', 'aquarium', 'piec', 'lose', 'contact', 'reduc', 'risk', 'get', 'sand', 'onto', 'surfac', 'make', 'easi', 'retriev', 'piec', 'water']
42	['gener', 'speak', 'familiar', 'water', 'sourc', 'safe', 'let', 'dog', 'drink', 'leptospira', 'genu', 'bacteria', 'excret', 'urin', 'infect', 'anim', 'surviv', 'mani', 'month', 'water', 'way', 'vet', 'recommend', 'addit', 'normal', 'annual', 'shot', 'also', 'inocul', 'leptospirosi', 'beyond', 'addit', 'inocul', 'vet', 'show', 'seriou', 'concern', 'though', 'howev', 'alway', 'advis', 'consult', 'vet', 'may', 'pathogen', 'common', 'waterway', 'live']
43	['secur', 'box', '4', 'side', 'feel', 'safe', 'protect', 'sinc', 'close', 'also', 'give', 'element', 'surpris', 'anyth', 'happen', 'easili', 'escap', 'attack', 'etc', 'src', 'like', 'secur', 'enclos', 'space', 'box', 'resembl', 'cave', 'may', 'make', 'cat', 'feel', 'secur', 'know', 'protect', 'theoret', 'attack', 'behind', 'box', 'fun', 'lot', 'cat', 'seem', 'especi', 'play', 'around', 'box', 'cat', 'enjoy', 'jump', 'box', 'pounc', 'stalk', 'climb', 'atop', 'box', 'cat', 'littl', 'predat', 'box', 'great', 'spot', 'pounc', 'prey', 'even', 'prey', 'catnip', 'mous', 'toy', 'box', 'cozi', 'tri', 'put', 'soft', 'blanket', 'bottom', 'cat', 'favorit', 'box', 'side', 'help', 'retain', 'cat', 'bodi', 'heat', 'make', 'comfi', 'nest', 'src']
44	['tri', 'break', 'problem', 'set', 'small', 'easi', 'step', 'work', 'one', 'separ', 'exampl', 'tri', 'get', 'dog', 'overcom', 'fear', 'nois', 'tv', 'start', 'tv', 'set', 'low', 'volum', 'play', 'movi', 'hang', 'dog', 'feed', 'yummi', 'treat', 'repeatedli', 'make', 'sure', 'start', 'low', 'volum', 'level', 'high', 'frequenc', 'reward', 'point', 'tri', 'get', 'dog', 'focu', 'food', 'nois', 'fine', 'give', 'lot', 'treat', 'use', 'someth', 'cheap', 'break', 'small', 'pea', 'size', 'bit', 'one', 'good', 'option', 'string', 'chees', 'cut', 'small', 'piec', 'slowli', 'decreas', 'rate', 'reward', 'get', 'point', 'give', 'treat', 'everi', '10', 'second', '30', '60', 'increas', 'volum', 'bit', 'go', 'back', 'fast', 'reward', 'continu', 'ok', 'normal', 'tv', 'volum', 'point', 'start', 'show', 'sign', 'stress', 'fear', 'cower', 'lip', 'lick', 'etc', 'go', 'back', 'step', 'reduc', 'volum', 'give', 'reward', 'walk', 'outsid', 'break', 'problem', 'small', 'step', 'get', 'leash', 'get', 'door', 'stand', 'close', 'hous', 'watch', 'car', 'drive', 'stand', 'sidewalk', 'walk', 'sidewalk', 'reward', 'heavili', 'small', 'step', 'first', 'tri', 'build', 'connect', 'dog', 'mind', 'strang', 'possibl', 'scari', 'nois', 'good', 'thing', 'name', 'treat']
45	['type', 'fish', 'feed', 'alga', 'pretti', 'cool', 'look', 'find', 'list', 'alga', 'eater', 'great', 'list', 'let', 'know', 'whether', 'exist', 'fish', 'find', 'tasti', 'exampl', 'otocinclu', 'sp', 'american', 'flagfish', 'neritina', 'sp', 'zebra', 'snail', 'whiptail', 'catfish']
46	['ultim', 'posit', 'prais', 'reward', 'repetit', 'key', 'take', 'meal', 'tri', 'direct', 'dog', 'particular', 'area', 'would', 'like', 'reliev', 'stay', 'tri', 'encourag', 'remain', 'area', 'go', 'provid', 'posit', 'prais', 'reward', 'food', 'reward', 'obvious', 'work', 'best', 'keep', 'repeat', 'pick', 'idea', 'howev', 'like', 'paper', 'train', 'apart', 'dog', 'regular', 'hous', 'break', 'accid', 'happen', 'import', 'punish', 'go', 'want', 'go', 'especi', 'earli', 'train', 'confus', 'possibl', 'associ', 'punish', 'go', 'bathroom', 'complic', 'matter', 'significantli']
47	['feral', 'cat', 'domest', 'somewhat', 'depend', 'feral', 'first', 'place', 'cat', 'bear', 'wild', 'like', 'stay', 'mostli', 'way', 'even', 'comfort', 'cat', 'one', 'human', 'cat', 'feral', 'kick', 'abandon', 'amen', 'human', 'contact', 'bring', 'back', 'comfort', 'human', 'result', 'law', 'do', 'success', 'half', 'dozen', 'rescu', 'current', 'cat', 'offspr', 'one', 'success', 'requir', 'lot', 'patienc', 'willing', 'sit', 'still', 'similar', 'thing', 'persian', 'badli', 'abus', 'deathli', 'afraid', 'men', 'eventu', 'big', 'suck', 'cat', 'could', 'meet', 'term', 'mom', 'cat', 'may', 'never', 'entir', 'get', 'comfort', 'peopl', 'cat', 'keen', 'pet', 'either', 'puppi', 'repres', 'disrupt', 'routin', 'well', 'cat', 'realli', 'hate', 'may', 'real', 'reaction', 'rather', 'specif', 'puppi', 'mind', 'nutti', 'dog', 'dignifi', 'cat', 'space', 'may', 'suffici', 'offenc', 'anyway']
48	['oddli', 'enough', 'could', 'color', 'fur', 'studi', 'show', 'darker', 'color', 'cat', 'like', 'induc', 'allerg', 'reaction', 'reason', 'unclear', 'research', 'long', 'island', 'colleg', 'hospit', 'new', 'york', 'specul', 'darker', 'cat', 'may', 'produc', 'allergen', 'call', 'fel', '1', 'skin', 'saliva', 'lighter', 'color', 'felin', 'studi', '321', 'patient', 'find', 'own', 'dark', 'color', 'cat', 'four', 'time', 'like', 'light', 'color', 'cat', 'felin', 'friend', 'suffer', 'moder', 'sever', 'allergi', 'symptom', 'accord', 'report', 'publish', 'annal', 'allergi', 'asthma', 'immunolog', 'often', 'case', 'scienc', 'anoth', 'studi', 'reportedli', 'find', 'exact', 'opposit', 'result', 'studi', 'titl', 'fel', '1', 'level', 'domest', 'live', 'room', 'relat', 'cat', 'color', 'hair', 'length', 'find', 'detail', 'actual', 'studi', 'possibl', 'due', 'current', 'govern', 'shutdown', 'possibl', 'previou', 'studi', 'may', 'simpli', 'small', 'insuffici', 'random', 'cohort', '321', 'patient', 'accord', 'yet', 'anoth', 'studi', 'also', 'possibl', 'male', 'cat', 'may', 'produc', 'fel', '1', 'femal', 'cat', 'intact', 'male', 'may', 'produc', 'neuter', 'male', 'case', 'fel', '1', 'level', 'seem', 'like', 'culprit', 'sinc', 'hormon', 'secret', 'saliva', 'sebac', 'gland', 'abundantli', 'produc', 'groom', 'mitig', 'friend', 'exposur', 'tri', 'keep', 'away', 'area', 'cat', 'like', 'groom']
49	['among', 'thing', 'harm', 'cat', 'american', 'human', 'associ', 'state', 'follow', 'cat', 'tend', 'attract', 'unusu', 'flavor', 'keep', 'away', 'calamin', 'lotion', 'diaper', 'rash', 'ointment', 'sunblock', 'analges', 'ointment', 'product', 'contain', 'acid', 'relat', 'aspirin', 'prove', 'toxic', 'ingest', 'aspca', 'anim', 'poison', 'control', 'center', 'also', 'say', 'would', 'expect', 'see', 'problem', 'result', 'cat', 'come', 'contact', 'hand', 'appli', 'non', 'medic', 'lotion', 'happen', 'ingest', 'small', 'amount', 'lotion', 'could', 'potenti', 'bite', 'lax', 'effect', 'may', 'caus', 'stomach', 'upset', 'howev', 'would', 'anticip', 'system', 'life', 'threaten', 'problem', 'gener', 'non', 'medic', 'lotion', 'safe', 'someth', 'cat', 'like', 'get', 'lot', 'lick', 'skin', 'appli', 'soak', 'skin', 'cat', 'okay', 'howev', 'cat', 'suddenli', 'appear', 'ill', 'lick', 'lotion', 'take', 'proper', 'step', 'ensur', 'safeti', 'health', 'alway', 'top', 'prioriti', 'cours']
50	['cat', 'similar', 'thing', 'except', 'curl', 'instead', 'flat', 'back', 'accord', 'vet', 'sort', 'thing', 'tail', 'rest', 'back', 'genet', 'mutat', 'cat', 'pain', 'caus', 'harm', 'differ', 'tail', 'rest', 'bodi', 'cat', 'pull', 'tail', 'particular', 'way', 'bodi', 'structur', 'prevent', 'cat', 'mine', 'mani', 'other', 'bear', 'mutat', 'allow']
51	['cat', 'still', 'closer', 'kitten', 'true', 'adult', 'want', 'hunt', 'pounc', 'practic', 'string', 'make', 'conveni', 'easi', 'grasp', 'jaw', 'target', 'toy', 'probabl', 'help', 'demonstr', 'wors', 'yet', 'hunt', 'pounc', 'activ', 'move', 'lace', 'even', 'challeng', 'cat', 'look', 'fun', 'practic', 'experi', 'cat', 'suggest', 'establish', 'idea', 'habit', 'go', 'hard', 'break', 'probabl', 'ultim', 'outgrow', 'get', 'interest', 'someon', 'els', 'hunt']
52	['find', 'stray', 'puppi', 'month', 'back', 'gate', 'home', 'cover', 'flea', 'cut', 'keep', 'bite', 'would', 'also', 'wimper', 'pain', 'could', 'see', 'flea', 'fur', 'huge', 'first', 'get', 'small', 'empti', 'aerosol', 'bottl', 'spray', 'nozzl', 'buy', 'small', 'bag', 'flea', 'powder', 'gener', 'stuff', 'get', 'store', 'noth', 'special', 'mix', 'luke', 'warm', 'water', 'spray', 'fulli', 'dous', 'half', 'hour', 'later', 'fast', 'asleep', 'woke', 'notic', 'scratch', 'much', 'gnaw', 'ankl', 'rear', 'end', 'much', 'next', 'day', 'get', 'flea', 'shampoo', 'soap', 'care', 'avoid', 'eye', 'mouth', 'hold', 'bath', 'warm', 'water', 'minut', 'rins', 'dri', 'towel', 'note', 'import', 'shampoo', 'head', 'thoroughli', 'especi', 'around', 'eye', 'ear', 'flea', 'tend', 'migrat', 'area', 'expos', 'water', 'pain', 'anim', 'treat', 'see', 'scratch', 'ordinari', 'within', 'month', 'fur', 'smooth', 'healthi', 'coat', 'also', 'san', 'wound', 'previous', 'also', 'tend', 'dust', 'around', 'kennel', 'everi', 'gener', 'flea', 'powder', 'make', 'sure', 'swept', 'keep', 'clean', 'shampoo', 'spray', 'larg', 'friski', 'anim', 'might', 'easi', 'never', 'tri', 'pet', 'say', 'without', 'doubt', 'work', 'also', 'never', 'bring', 'hous', 'prior', 'treatment', 'specif', 'advic', 'except', 'perhap', 'dust', 'corner', 'gap', 'hous', 'disinfect', 'area', 'anim', 'frequent', 'perhap', 'also', 'vacuum']
53	['think', 'miss', 'dog', 'pack', 'anim', 'part', 'pack', 'leav', 'effect', 'separ', 'pack', 'distress', 'one', 'way', 'address', 'add', 'pack', 'anoth', 'dog', 'anoth', 'anim', 'surprisingli', 'even', 'cat', 'may', 'give', 'sens', 'alon', 'enough', 'stop', 'think', 'without', 'pack', 'substitut', 'go', 'huge', 'amount', 'luck', 'work']
54	['consid', 'add', 'natur', 'ph', 'reduc', 'element', 'ad', 'drift', 'wood', 'indian', 'almond', 'oak', 'leav', 'slowli', 'leach', 'tannin', 'turn', 'reduc', 'ph', 'plant', 'tank', 'start', 'inject', 'co2', 'also', 'low', 'ph', 'anoth', 'option', 'filter', 'water', 'peat', 'moss', 'commerci', 'avail', 'peat', 'granul']
55	['keep', 'kind', 'tetra', 'cardin', 'tetra', 'rummi', 'nose', 'tetra', 'balloon', 'red', 'eye', 'tetra', 'penguin', 'tetra', 'neon', 'black', 'neon', 'without', 'problem', 'apart', 'tetra', 'speci', 'keep', 'harlequin', 'rasbora', 'nerit', 'snail', 'amano', 'shrimp', 'well']
56	['determin', 'capac', 'aquarium', 'common', 'look', 'total', 'fish', 'length', 'rather', 'number', 'fish', 'idea', 'big', 'fish', 'need', 'room', 'rule', 'thumb', 'alway', 'use', 'freshwat', 'tropic', 'fish', '1', 'inch', 'fish', 'length', 'per', 'gallon', 'water', '25', 'mm', 'fish', 'length', 'per', '4', 'liter', 'howev', 'vari', 'greatli', 'base', 'speci', 'fish', 'fish', 'need', 'room', 'other']
57	['gener', 'rule', 'thumb', 'depend', 'fish', 'plan', 'keep', 'fish', 'live', 'small', 'volum', 'water', 'need', 'larg', 'roam', 'area', 'exampl', 'oscar', 'flowerhorn', 'requir', 'least', '40', 'gallon', 'per', 'adult', 'semi', 'adult', 'fish', 'african', 'cichlid', 'suggest', 'keep', 'dens', 'pack', 'reduc', 'aggress', 'tropic', 'fish', 'guppi', 'tetra', 'etc', 'aim', 'gallon', 'water', 'per', 'inch', 'fish']
58	['alga', 'brown', 'color', 'diatom', 'alreadi', 'settl', 'hard', 'magnet', 'cleaner', 'alga', 'eat', 'speci', 'wont', 'much', 'help', 'wrap', 'small', 'piec', 'cloth', 'around', 'hand', 'simpli', 'rub', 'also', 'use', 'old', 'toothbrush', 'alga', 'glass', 'use', 'magnet', 'cleaner', 'introduc', 'alga', 'eat', 'speci', 'mainten', 'clean', 'crew']
59	['avoid', 'may', 'thing', 'one', 'thing', 'sometim', 'recommend', 'oatmeal', 'similar', 'recommend', 'reliev', 'itch', 'human', 'chicken', 'pox', 'grind', 'fine', 'powder', 'dog', 'allow', 'either', 'soak', 'anim', 'water', 'mix', 'oatmeal', 'rub', 'anim', 'gentli', 'damp', 'cloth', 'oatmeal']
60	['meal', 'take', 'dog', 'particular', 'place', 'somewher', 'near', 'field', 'hous', 'say', 'mother', 'tongu', 'poo', 'know', 'pet', 'follow', 'reflex', 'action', 'someday', 'practic', 'understand', 'want', 'sometim', 'also', 'observ', 'rather', 'pick', 'appropri', 'place', 'choos', 'one', 'like', 'would', 'find', 'appropri', 'day', '1', 'poo', 'somewher', 'think', 'okay', 'take', 'place', 'day', '2', 'say', 'poo', 'tri', 'let', 'someplac', 'els', 'go', 'poo', '99', 'sure', 'mark', 'place', 'day', '3', 'take', 'also', 'prais', 'appreci', 'dog', 'poo', 'give', 'reward', 'way', 'would', 'better', 'understand', 'best', 'luck']
61	['expect', 'pet', 'keep', 'mum', 'solut', 'get', 'dog', 'someon', 'give', 'compani', 'one', 'home', 'consid', 'leav', 'neighbor', 'home', 'awhil', 'request', 'somebodi', 'look', 'everybodi', 'go', 'hous', 'provid', 'someth', 'play', 'effect', 'everi', 'case', '50', 'case', 'would', 'work', 'give', 'bone', 'toy', 'ball', 'chew', 'dog', 'like', 'play', 'get', 'rid', 'bark', 'problem', 'dog', 'like', 'lock', 'let', 'may', 'work']
62	['frankli', 'speak', 'experi', 'realli', 'discourag', 'dog', 'drink', 'stream', 'mention', 'see', 'know', 'exactli', 'dog', 'like', 'drink', 'foul', 'place', 'tri', 'resist', 'dog', 'even', 'tri', 'reward', 'drink', 'vet', 'mean', 'realli', 'one', 'case', 'could', 'realli', 'discourag', 'howev', 'talk', 'health', 'find', 'clue', 'tell', 'u', 'felt', 'ill', 'sourc', 'water', 'clean', 'noth', 'panic', 'howev', 'owner', 'want', 'dog', 'distant', 'foul', 'place', 'case', 'would', 'suggest', 'take', 'physic', 'measur', 'boundari', 'fenc', 'garden', 'resist', 'go']
63	['rabbit', 'gener', 'cautiou', 'natur', 'startl', 'leav', 'trail', 'drop', 'involuntarili', 'usual', 'dri', 'easi', 'although', 'understand', 'inconveni', 'clean', 'may', 'case', 'sinc', 'new', 'area', 'unfamiliar', 'territori', 'rabbit', 'possibl', 'get', 'spook', 'explor', 'possibl', 'monitor', 'situat', 'see', 'improv', 'time', 'altern', 'may', 'attempt', 'mark', 'territori', 'cute', 'chin', 'object', 'drop', 'less', 'fun', 'howev', 'time', 'give', 'opportun', 'feel', 'home', 'area', 'behaviour', 'disappear', 'likewis', 'tri', 'slowli', 'introduc', 'area', 'rabbit', 'set', 'gate', 'explor', 'small', 'area', 'retreat', 'safeti', 'easili']
64	['good', 'luck', 'two', 'differ', 'obes', 'cat', 'use', 'tiger', 'diner', 'cat', 'bowl', 'work', 'food', 'eat', 'slowli', 'feel', 'like', 'eat', 'one', 'cat', 'start', 'actual', 'leav', 'food', 'use', 'tiger', 'diner', 'variou', 'food', 'ball', 'feeder', 'toy', 'also', 'good', 'one', 'obes', 'cat', 'deal', 'also', 'nervou', 'food', 'one', 'thing', 'help', 'put', 'part', 'dri', 'food', 'one', 'time', 'vacat', 'feeder', 'know', 'food', 'trust', 'get', 'eventu', 'eat', 'right', 'allow', 'relax', 'stress', 'get', 'food', 'although', 'work', 'u', 'vet', 'recommend', 'make', 'broth', 'water', 'wet', 'food', 'offer', 'addit', 'instead', 'water', 'benefit', 'get', 'water', 'cat', 'cat', 'drink', 'enough', 'water', 'make', 'think', 'get', 'food', 'without', 'lot', 'calori', 'without', 'make', 'overweight', 'cat', 'nervou', 'feed', 'timid', 'cat', 'place', 'small', 'cat', 'might', 'help', 'well']
65	['probabl', 'lone', 'also', 'want', 'protect', 'territori', 'sinc', 'rest', 'pack', 'away', 'must', 'addit', 'great', 'suggest', 'mistu4u', 'could', 'make', 'record', 'voic', 'play', 'go', '4', '5', 'hour', 'might', 'bite', 'long', 'short', 'period', 'time', 'could', 'work', 'prefer', 'tri', 'mistu4u', 'suggest', 'first', 'though', 'dog', 'bring', 'neighbour', 'still', 'help', 'dog', 'hear', 'hear', 'dog', 'talk', 'comfort']
66	['anim', 'rescu', 'servic', 'explain', 'ask', 'pick', 'bird', 'scar', 'nervou', 'give', 'food', 'water', 'may', 'eat', 'drink', 'excitedli', 'choke', 'give', 'littl', 'water', 'sure', 'littl', 'enough', 'choke']
67	['fruit', 'tree', 'wood', 'heard', 'mix', 'review', 'cherri', 'wood', 'avoid', 'extra', 'tasti', 'rabbit', 'healthi', 'chew', 'could', 'special', 'chew', 'stick', 'branch', 'introduc', 'special', 'yummi', 'treat', 'come', 'guest', 'might', 'start', 'away', 'guest', 'move', 'closer', 'bunni', 'relax', 'weight', 'fruit', 'harvest', 'usual', 'bring', 'branch', 'winter', 'prune', 'time', 'fruit', 'tree', 'good', 'time', 'line', 'wood', 'collect']
68	['bring', 'chang', 'behavior', 'colli', 'cross', 'case', 'chang', 'behavior', 'one', 'bit', 'apart', 'cock', 'leg', 'guess', 'optimum', 'age', 'realli', 'depend', 'individu', 'case', 'case', 'minimum', 'age', 'desex', 'male', 'dog', '8', 'week', 'vet', 'recommend', 'wait', 'least', '6', 'month']
69	['honest', 'sound', 'like', 'normal', 'puppi', 'behavior', 'limitless', 'energi', 'much', 'u', 'bet', 'colli', 'cross', 'issu', 'still', 'extent', 'let', 'away', '10', 'month', 'load', 'thing', 'tri', 'unfortun', 'magic', 'one', 'stop', 'calm', 'devic', 'get', 'use', 'peopl', 'bring', 'friend', 'round', 'bring', 'puppi', 'class', 'human', 'attent', 'excit', 'interact', 'may', 'take', 'sting', 'hyperact', 'howev', 'slow', 'process', 'take', 'time', 'tri', 'find', 'toy', 'occupi', 'find', 'difficult', 'find', 'toy', 'suitabl', 'puppi', 'dog', 'interest', 'might', 'well', 'luck', 'sound', 'like', 'definit', 'exercis', 'enough', 'tri', 'put', 'part', 'flat', 'come', 'back', 'walk', 'let', 'calm', 'calm', 'bring', 'ignor', 'bet', 'eventu', 'fall', 'asleep', 'import', 'thing', 'rememb', 'long', 'social', 'exercis', 'eventu', 'calm', 'take', 'time']
70	['tricki', 'problem', 'pet', 'owner', 'face', 'abl', 'erad', 'flea', 'entir', 'without', 'use', 'man', 'make', 'chemic', 'find', 'mani', 'natur', 'solut', 'use', 'pet', 'time', 'combat', 'flea', 'one', 'treat', 'entir', 'environ', 'pet', 'pet', 'carri', 'flea', 'annual', 'begin', 'flea', 'season', 'warm', 'weather', 'process', 'requir', 'whole', 'day', 'good', 'weather', 'do', 'weekend', 'recommend', 'concurr', 'give', 'flea', 'hidey', 'hole', 'wait', 'treat', 'pet', 'pet', 'need', 'bath', 'individu', 'use', 'chemic', 'like', 'topic', 'addit', 'skin', 'food', 'depend', 'sensit', 'pet', 'skin', 'vari', 'regim', 'use', 'warm', 'water', 'like', 'laundri', 'tub', 'small', 'anim', 'plenti', 'access', 'fresh', 'water', 'thoroughli', 'rins', 'import', 'thoroughli', 'wet', 'pet', 'flea', 'climb', 'anim', 'head', 'submers', 'water', 'flea', 'issu', 'bath', 'varieti', 'solut', 'dirt', 'also', 'issu', 'eucalyptu', 'woolmix', 'wash', 'woolen', 'cloth', 'need', 'thoroughli', 'rins', 'eucalyptu', 'act', 'natur', 'flea', 'deterr', 'sensit', 'skin', 'mixtur', 'oat', 'warm', 'water', 'remedi', 'flea', 'mixtur', 'premix', 'thoroughli', 'rins', 'use', 'combin', 'follow', 'give', 'definit', 'combin', 'depend', 'anim', 'skin', 'sensit', 'someth', 'becom', 'bit', 'trial', 'error', 'find', 'optim', 'mix', 'individu', 'pet', 'tea', 'tree', 'oil', 'eucalyptu', 'oil', 'lavend', 'oil', 'keep', 'three', 'oil', 'continu', 'stock', 'home', 'use', 'act', 'deterr', 'flea', 'especi', 'tea', 'tree', 'make', 'mixtur', 'oil', 'use', '8', 'litr', 'bucket', 'would', 'add', 'littl', 'less', 'half', 'cap', 'lavend', 'half', 'cap', 'eucalyptu', 'one', 'two', 'cap', 'tea', 'tree', 'satur', 'entir', 'pet', 'washer', 'includ', 'toe', 'groin', 'area', 'around', 'eye', 'ear', 'care', 'get', 'solut', 'eye', 'ear', 'allow', 'dri', 'pet', 'allow', 'go', 'roll', 'dirt', 'tie', 'sun', 'short', 'find', 'good', 'towel', 'dri', 'do', 'throughout', 'flea', 'season', 'often', 'weekli', 'would', 'recommend', 'reduc', 'level', 'oil', 'solut', 'subsequ', 'frequent', 'wash', 'avoid', 'skin', 'irrit', 'tea', 'tree', 'use', 'strong', 'mixtur', 'spot', 'kill', 'flea', 'need', 'keep', 'eye', 'pet', 'skin', 'strong', 'mixtur', 'tea', 'tree', '50', '50', 'water', 'also', 'expens', 'use', 'pet', 'flea', 'infest', 'advis', 'let', 'solut', 'stay', 'pet', 'fro', '20', 'minut', 'rins', 'avoid', 'skin', 'irrit', 'treat', 'environ', 'unfortun', 'treat', 'environ', 'find', 'non', 'chemic', 'solut', 'use', 'regim', 'decad', 'intern', 'environ', 'take', 'warm', 'day', 'know', 'pet', 'safe', 'leav', 'outsid', 'treatment', 'whilst', 'insid', 'treat', 'weather', 'warm', 'first', 'flea', 'jump', 'bite', 'environ', 'carpet', 'bed', 'need', 'vacuum', 'wash', 'pet', 'bed', 'bed', 'blanket', 'bed', 'child', 'adult', 'bed', 'loung', 'pet', 'part', 'famili', 'sleep', 'thing', 'pet', 'human', 'need', 'remov', 'hous', 'use', 'flea', 'bomb', 'ensur', 'use', 'enough', 'cover', 'entir', 'hous', 'place', 'high', 'strateg', 'posit', 'ga', 'diffus', 'room', 'vehicl', 'pet', 'travel', 'vehicl', 'need', 'bomb', 'portal', 'boot', 'cabin', 'open', 'bomb', 'infus', 'entir', 'vehicl', 'car', 'requir', 'long', 'time', 'air', 'use', 'flea', 'bomb', 'need', 'safe', 'place', 'door', 'window', 'leav', 'open', 'hour', 'extern', 'environ', 'use', 'tough', 'chemic', 'concret', 'pave', 'surfac', 'around', 'hous', 'basic', 'flea', 'mixtur', 'surfac', 'mix', 'warm', 'water', 'per', 'direct', 'leav', 'dri', 'area', 'flea', 'plagu', 'flea', 'grass', 'much', 'do', 'prevent', 'except', 'tri', 'keep', 'pet', 'indoor', 'let', 'run', 'leash', 'area', 'plagu', 'weather', 'warm', 'month', 'hope', 'next', 'season', 'better']
71	['expert', 'happen', 'live', 'thing', 'coupl', 'month', 'ago', 'dog', 'need', 'spot', 'basket', 'someth', 'similar', 'send', 'never', 'use', 'punish', 'place', 'hang', 'order', 'go', 'basket', 'learnt', 'lot', 'easi', 'help', 'dog', 'calm', 'chanc', '8', 'week', 'old', 'mom', 'get', 'time', 'teach', 'return', 'calm', 'doggi', 'want', 'play', 'good', 'sign', 'make', 'sure', 'one', 'initi', 'play', 'time', 'come', 'toy', 'tri', 'get', 'attent', 'ignor', 'even', 'might', 'order', 'insist', '5', 'minut', 'later', 'go', 'play', 'way', 'one', 'control', 'teach', 'dog', 'bug', 'play', 'useless', 'also', 'normal', 'dog', 'sleep', 'around', 'anim', 'need', 'fulfil', 'stimul', 'around', 'recov', 'save', 'energi', 'readi', 'someth', 'happen', 'forget', 'dog', 'use', 'live', 'wild', 'person', 'find', 'make', 'use', 'brain', 'playtim', 'good', 'way', 'make', 'learn', 'learn', 'tire', 'somewhat', 'quicker', 'dog', 'usual', 'feed', 'plastic', 'milk', 'bottl', 'could', 'soda', 'bottl', 'open', 'might', 'bite', 'small', 'use', 'teeth', 'bump', 'nose', 'use', 'paw', 'get', 'food', 'also', 'mix', 'sit', 'coupl', 'order', 'game', 'learn', 'lot', 'faster', 'tri', 'treat', 'ref', 'person', 'experi', 'doggi', '9', 'month', 'old', 'still', 'much', 'energi', 'know', 'u', 'control', 'person', 'trainer', 'big', 'help', 'u', 'state', 'suggest', 'make', 'follow', 'good', 'luck', 'may', 'patienc']
72	['sure', 'optim', 'age', 'know', 'even', '8', 'year', 'old', 'dog', 'still', 'may', 'show', 'chang', 'behaviour', 'add', 'thought', 'mine', '9', 'month', 'old', '1', 'month', 'sinc', 'oper', 'chang', 'peopl', 'lead', 'u', 'expect', 'domin', 'refus', 'someth', 'would', 'let', 'u', 'know', 'mainli', 'invit', 'happen', 'first', 'place', 'know', 'take', 'care', 'dog', 'still', 'protect', 'hous', 'gentl', 'u', 'say', 'young', 'good', '5', '6', 'month', 'best', 'want', 'wait', 'man', 'bit', 'first', 'know', 'chang', 'anyth', 'question', 'ask', 'work', 'dog', 'doubt', 'desex', 'guard', 'dog', 'instanc']
73	['peopl', 'answer', 'well', 'noth', 'help', 'bark', 'control', 'collar', 'help', 'last', 'resort', 'know', 'littl', 'rude', 'pet', 'give', 'pet', 'compani', 'alway', 'help', 'sometim', 'build', 'neighbor', 'restrict', 'forc', 'pet', 'sister', 'labrador', 'also', 'constantli', 'bark', 'alon', 'even', 'presenc', 'second', 'dog', 'french', 'mastiff', 'use', 'collar', 'collar', 'market', 'give', 'electr', 'shock', 'vibrat', 'bark', 'less', 'effect', 'electr', 'collar', 'harm', 'pet']
74	['answer', 'cesar', 'millan', 'websit', 'vet', 'short', 'studi', 'show', 'link', 'neuter', 'dog', '14', 'month', 'age', 'cancer', 'joint', 'problem', 'studi', 'show', 'benefit', 'earli', 'neuter', 'edit', 'articl', 'websit', 'spray', 'neuter']
75	['okay', 'first', 'want', 'admit', 'know', 'gener', 'behavior', 'problem', 'exist', 'french', 'mastiff', 'problem', 'share', 'u', 'kind', 'respect', 'issu', 'e', 'dog', 'show', 'enough', 'love', 'respect', 'anoth', 'person', 'hous', 'get', 'would', 'like', 'share', 'experi', 'german', 'shepherd', 'dog', 'alex', 'bring', 'hous', 'elder', 'brother', 'experi', 'rais', 'dog', 'earlier', 'brother', 'take', 'respons', 'rais', 'work', 'reason', 'go', 'someplac', 'els', 'distant', 'hous', 'take', 'care', 'alex', 'absenc', 'whenev', 'brother', 'use', 'return', 'sure', 'like', 'even', 'brother', 'stay', 'hous', 'two', 'week', 'think', 'take', 'measur', 'discuss', 'brother', 'readi', 'give', 'leadership', 'take', 'follow', 'step', 'order', 'get', 'alex', 'respect', 'love', 'attent', '1', 'dog', 'follow', 'one', 'leader', 'like', 'dog', 'love', 'dog', 'love', 'everybodi', 'famili', 'equal', 'natur', 'like', 'anim', 'tend', 'follow', 'one', 'particular', 'leader', 'one', 'leader', 'pet', 'dog', 'order', 'get', 'full', 'respect', 'love', 'attent', '2', 'leader', 'take', 'respons', 'want', 'leader', 'take', 'respons', 'leader', 'unless', 'look', 'properli', 'respons', 'includ', 'take', 'dog', 'out', 'physic', 'train', 'b', 'feed', 'bath', 'take', 'toilet', 'play', 'etc', 'c', 'pass', 'qualiti', 'time', 'pet', 'et', 'al', '3', 'possess', 'qualiti', 'leader', 'anim', 'natur', 'request', 'permiss', 'greet', 'proprietor', 'leader', 'act', 'like', 'one', 'exampl', 'greet', 'dog', 'enter', 'room', 'pat', 'littl', 'look', 'touch', 'softli', 'etc', 'go', 'play', 'fool', 'around', 'realli', 'busi', 'dog', 'disturb', 'get', 'attent', 'like', 'bark', 'play', 'near', 'bodi', 'etc', 'make', 'strict', 'eye', 'contact', 'understand', 'attitud', 'eventu', 'leav', 'room', 'way', 'garner', 'respect', 'leader', 'dog', 'mental', 'ever', 'punish', 'physic', 'good', '4', 'spend', 'lot', 'time', 'basic', 'principl', 'rais', 'pet', 'spend', 'lot', 'time', 'pet', 'start', 'love', 'man', 'take', 'care', 'pet', 'get', 'attent', 'other', 'make', 'sure', 'follow', 'step', 'care', 'hope', 'would', 'notic', 'chang', 'pet']
76	['parrot', 'mimic', 'bird', 'sound', 'hear', 'around', 'key', 'train', 'parrot', 'talk', 'parrot', 'isol', 'bird', 'also', 'vital', 'mirror', 'bird', 'cage', 'parrot', 'talk', 'think', 'anoth', 'bird', 'teach', 'bird', 'talk', 'requir', 'patienc', 'lot', 'repetit', 'teach', 'budgerigar', 'talk', 'youth', 'time', 'patienc', 'requir', 'repeat', 'word', 'sound', 'phrase', 'often', 'possibl', 'bird', 'prefer', 'look', 'bird', 'within', 'arm', 'reach', 'good', 'idea', 'start', 'singl', 'word', 'get', 'quicker', 'result', 'encourag', 'keep', 'persist', 'complex', 'arrang', 'sound', 'longer', 'take', 'bird', 'catch', 'interest', 'sad', 'case', 'australian', 'lyrebird', 'imit', 'sound', 'chainsaw', 'use', 'destroy', 'nativ', 'bush', 'land']
77	['necess', 'shoe', 'hors', 'case', 'see', 'reason', 'shoe', 'hors', 'shoe', 'do', 'hors', 'use', 'race', 'purpos', 'hors', 'use', 'place', 'fill', 'stone', 'sand', 'write', 'hors', 'run', 'rough', 'land', 'shoe', 'give', 'birth', 'infect', 'around', 'nail', 'often', 'sometim', 'shoe', 'caus', 'numb', 'long', 'run', 'exterior', 'part', 'leg', 'besid', 'well', 'know', 'fact', 'shoe', 'creat', 'blood', 'flow', 'problem', 'shod', 'place', 'would', 'suggest', 'avoid', 'shoe', 'unless', 'realli', 'necessari']
78	['ideal', 'start', 'socialis', 'puppi', '3', '17', 'week', 'practic', 'one', 'person', 'give', 'puppi', 'time', 'adjust', 'hous', 'well', 'surround', 'environ', 'start', 'social', 'follow', 'step', 'use', 'collar', 'get', 'hold', 'puppi', 'take', 'out', 'make', 'accustom', 'path', 'street', 'local', 'around', 'hous', 'imo', 'good', 'idea', 'let', 'introduc', 'new', 'dog', 'first', 'day', 'get', 'mix', 'new', 'thing', 'keep', 'puppi', 'child', 'like', 'meet', 'unknown', 'strang', 'dog', 'meet', 'person', 'acquaint', 'invit', 'meet', 'field', 'dog', 'meet', '100', 'sure', 'bark', 'old', 'one', 'bark', 'young', 'one', 'dog', 'bark', 'make', 'stop', 'reward', 'dog', 'also', 'stop', 'let', 'two', 'meet', 'sniff', 'go', 'well', 'might', 'play', 'highli', 'unlik', 'would', 'happen', 'first', 'day', 'keep', 'meet', 'stop', 'bark', 'loung', 'leav', 'place', 'choos', 'anoth', 'dog', 'next', 'day']
79	['wikipedia', 'articl', 'wing', 'clip', 'quit', 'extens', 'confus', 'pinion', 'remov', 'joint', 'bird', 'wing', 'advoc', 'note', 'properli', 'do', 'clip', 'trim', 'feather', 'wing', 'painless', 'temporari', 'last', 'next', 'molt', 'articl', 'also', 'note', 'clip', 'feather', 'side', 'equal', 'bird', 'keep', 'balanc', 'fall']
80	['puppi', 'social', 'earli', 'possibl', 'neat', 'thing', 'puppi', 'younger', 'roughli', '5', 'month', 'dog', 'toler', 'lot', 'behavior', 'character', 'puppi', 'overli', 'excit', 'play', 'sometim', 'rude', 'dog', 'tend', 'sexual', 'matur', 'around', '5', '6', 'month', 'know', 'dog', 'older', 'well', 'adjust', 'trust', 'would', 'let', 'dog', 'around', 'old', 'one', 'old', 'dog', 'correct', 'puppi', 'someth', 'rude', 'line', 'pup', 'natur', 'learn', 'accept', 'behavior', 'access', 'old', 'dog', 'like', 'dog', 'park', 'bad', 'place', 'start', 'bewar', 'peopl', 'tend', 'bring', 'dog', 'dog', 'park', 'without', 'fulli', 'know', 'dog', 'react', 'week', 'ago', 'friend', '8', 'month', 'old', 'pup', 'vicious', 'attack', '2', 'year', 'old', 'dog', 'owner', 'comment', 'tri', 'social', 'order', 'puppi', 'grow', 'adept', 'social', 'dog', 'human', 'crucial', 'expos', 'young', 'pup', 'mani', 'differ', 'dog', 'human', 'mani', 'differ', 'situat', 'everi', 'day', 'ordinari', 'alway', 'especi', 'puppi', 'set', 'dog', 'success', 'put', 'danger', 'situat', 'unknown', 'environ', 'mani', 'stranger', 'simpli', 'start', 'slow', 'keep', 'thing', 'interest', 'fun', 'sure', 'work', 'social', 'earli', 'often']
81	['estim', 'keep', 'hear', 'topic', 'fee', 'fish', 'much', 'eat', 'five', 'minut', 'long', 'fish', 'eat', 'nearli', 'everyth', 'food', 'much', 'suggest', 'use', 'float', 'food', 'make', 'far', 'easi', 'keep', 'track', 'everyth', 'eaten', 'train', 'fish', 'search', 'food', 'top', 'pond', 'visibl', 'often', 'hard', 'estim', 'amount', 'insect', 'eat', 'fish', 'simpli', 'would', 'adjust', 'amount', 'guidelin', 'big', 'problem', 'overfe', 'seem', 'massiv', 'growth', 'alga', 'least', 'never', 'hear', 'problem', 'obes', 'goldfish']
82	['treat', 'import', 'part', 'train', 'bunni', 'like', 'mani', 'pet', 'bunni', 'motiv', 'attent', 'food', 'reward', 'use', 'treat', 'great', 'train', 'devic', 'high', 'sugar', 'treat', 'like', 'fruit', 'small', 'part', 'bunni', 'diet', 'moder', 'import', 'recommend', 'fruit', '10', 'bunni', 'diet', 'carrot', 'also', 'high', 'sugar', 'recommend', '15', 'diet', 'pet', 'tri', 'keep', 'total', 'high', 'sugar', 'treat', '5', 'occasion', 'day', 'pass', 'without', 'ad', 'sugar', 'make', 'reward', 'effect', 'good', 'bunni', 'health', 'depend', 'metabol', 'proportion', 'veggi', 'limit', 'amount', 'pellet', 'bunni', 'receiv', '1', '4', '1', '2', 'cup', 'pellet', 'per', '6', 'lb', '2', '7', 'kg', 'bodi', 'weight', 'part', 'daili', 'pellet', 'allow', 'use', 'treat', 'gener', 'behavior', 'train', 'big', 'event', 'requir', 'high', 'motiv', 'use', 'raisin', 'keep', 'well', 'small', 'enough', 'give', 'mani', '3', 'daili', 'realli', 'difficult', 'challeng', 'rabbit', 'trainabl', 'use', 'keyword', 'call', 'bunni', 'treat', 'reward', 'call', 'use', 'word', 'quick', 'follow', 'name', 'need', 'high', 'sugar', 'treat', 'everi', 'time', 'come', 'command', 'unsur', 'reward', 'high', 'sugar', 'provid', 'pellet', 'pet', 'increas', 'respons', 'gambl', 'addict', 'rememb', 'amount', 'treat', 'entic', 'bunni', 'situat', 'make', 'feel', 'threaten', 'social', 'bunni', 'moder', 'visitor', 'behavior', 'import', 'part', 'interact', 'sound', 'like', 'great', 'job', 'make', 'part', 'process']
83	['vari', 'cat', 'small', 'dog', 'gener', 'consid', 'old', 'age', '7', 'larger', 'breed', 'dog', 'tend', 'short', 'life', 'span', 'consid', 'old', 'approxim', '6', 'year', 'age', 'owner', 'tend', 'want', 'think', 'pet', 'age', 'human', 'term']
84	['human', 'consid', 'old', 'answer', 'realli', 'depend', 'individu', 'seven', 'year', 'rule', 'old', 'inaccur', 'sever', 'method', 'take', 'life', 'expect', 'dog', 'account', 'good', 'eg', 'one', 'dog', 'year', 'equal', 'five', 'human', 'year', 'small', 'dog', 'seven', 'big', 'dog', 'even', 'nonlinear', 'metric', 'determin', 'compar', 'age', 'valu', 'dog', 'think', 'old', 'ie', 'behav', 'like', 'old', 'dog', 'treat', 'think', 'good', 'treat', 'juvenil', 'activ', 'dog', 'high', 'age', 'break', 'senil', 'cours', 'still', 'care', 'old', 'dog', 'matter', 'activ', 'still', 'age', 'relat', 'problem', 'prone', 'injuri', 'young', 'dog']
85	['male', 'dog', 'seem', 'matter', 'behaviour', 'respond', 'castrat', 'other', 'matter', 'age', 'dog', 'castrat', 'effect', 'alter', 'objection', 'urin', 'make', 'mount', 'roam', 'variou', 'type', 'aggress', 'behavior', 'includ', 'aggress', 'toward', 'human', 'famili', 'member', 'castrat', 'may', 'effect', 'decreas', 'aggress', 'dog', 'few', 'third', 'expect', 'mark', 'improv', 'age', 'dog', 'durat', 'problem', 'behavior', 'valu', 'predict', 'whether', 'castrat', 'benefici', 'effect', 'neilson', 'et', 'al', '1997', 'femal', 'dog', 'howev', 'seem', 'spay', 'earli', 'associ', 'increas', 'risk', 'urinari', 'tract', 'infect', 'earlyag', 'gonadectomi', 'appear', 'offer', 'benefit', 'risk', 'male', 'dog', 'anim', 'shelter', 'safe', 'gonadectom', 'male', 'dog', 'young', 'age', 'veterinari', 'practition', 'consid', 'recommend', 'routin', 'gonadectomi', 'client', 'own', 'male', 'dog', 'tradit', 'age', '6', '8', 'month', 'femal', 'dog', 'howev', 'increas', 'urinari', 'incontin', 'suggest', 'delay', 'gonadectomi', 'least', '3', 'month', 'age', 'may', 'benefici', 'spain', 'et', 'al', '2004', 'refer', 'neilson', 'jacquelin', 'c', 'robert', 'eckstein', 'b', 'l', 'hart', 'effect', 'castrat', 'problem', 'behavior', 'male', 'dog', 'refer', 'age', 'durat', 'behavior', 'journal', 'american', 'veterinari', 'medic', 'associ', '211', '2', '1997', '180', 'spain', 'c', 'victor', 'janet', 'scarlett', 'katherin', 'houpt', 'long', 'term', 'risk', 'benefit', 'earli', 'age', 'gonadectomi', 'dog', 'journal', 'american', 'veterinari', 'medic', 'associ', '224', '3', '2004', '380', '387']
86	['dog', 'social', 'anim', 'alway', 'love', 'compani', 'without', 'compani', 'want', 'someth', 'dig', 'one', 'control', 'use', 'polit', 'way', 'best', 'distract', 'act', 'thing', 'like', 'see', 'dog', 'dig', 'distract', 'give', 'toy', 'play', 'etc', 'give', 'compani', 'well', 'lose', 'mate', 'reason', 'behavior']
87	['allergi', 'season', 'vet', 'offer', 'suggest', 'help', 'prevent', 'reaction', 'suggest', 'wipe', 'dog', 'come', 'insid', 'help', 'remov', 'pollen', 'cling', 'fur', 'give', 'chanc', 'irrit', 'skin', 'suggest', 'keep', 'spray', 'bottl', 'vinegar', 'water', 'solut', 'near', 'door', 'immedi', 'spray', 'come', 'pat', 'dri', 'paper', 'towel', 'remov', 'pollen', 'clean', 'towel', 'work', 'want', 'reus', 'towel', 'rub', 'pollen', 'remov', 'earlier', 'back', 'onto', 'dog', 'say', 'work', 'yet', 'sinc', 'opportun', 'tri', 'sound', 'promis', 'plan', 'next', 'spring']
88	['8', 'year', 'would', 'good', 'averag', 'concid', 'dog', 'old', 'senior', 'real', 'fix', 'age', 'differ', 'race', 'lifespan', 'make', 'easi', 'understand', 'small', 'dog', 'tend', 'live', '15', '20', 'year', 'big', 'dog', 'live', '12', '15', 'reason', 'say', '8', 'year', 'old', 'threshold', 'age', 'dark', 'dog', 'start', 'gray', 'hair', 'age', 'dog', 'diet', 'chang', 'bit', 'adult', 'food', 'chang', 'senior', 'food', 'per', 'dog', 'favorit', 'brand', 'like', 'point']
89	['gener', 'speak', 'control', 'shed', 'sinc', 'need', 'happen', 'best', 'prevent', 'measur', 'take', 'brush', 'groom', 'dog', 'regularli', 'ensur', 'old', 'hair', 'remov', 'dog', 'get', 'season', 'coat', 'import', 'groom', 'frequent', 'time', 'new', 'coat', 'come', 'dog', 'continu', 'shed', 'like', 'retriev', 'go', 'thing', 'howev', 'think', 'dog', 'shed', 'examin', 'diet', 'might', 'help', 'high', 'qualiti', 'food', 'import', 'health', 'coat', 'regular', 'food', 'consist', 'high', 'qualiti', 'protein', 'addit', 'tri', 'supplement', 'diet', 'fatti', 'acid', 'supplement', 'sell', 'dha', 'pill', 'dog', 'vet', 'also', 'suggest', 'give', 'human', 'dha', 'pill', 'cheaper', 'cut', 'dosag', 'cut', 'open', 'gel', 'cap', 'squeez', 'littl', 'food', 'meal', 'time', 'start', 'give', 'supplement', 'think', 'someth', 'wrong', 'recommend', 'vet', 'check', 'first', 'matter', 'keep', 'clean', 'hous', 'cover', 'furnitur', 'remedi']
90	['speak', 'specif', 'cat', 'bird', 'base', 'limit', 'knowledg', 'ok', 'long', 'suffici', 'food', 'water', 'access', 'respect', 'toilet', 'facil', 'dog', 'howev', 'need', 'manag', 'separ', 'food', 'leav', 'food', 'time', 'dog', 'need', 'design', 'feed', 'time', 'otherwis', 'gener', 'gorg', 'instinctu', 'behavior', 'wolf', 'gener', 'could', 'go', 'day', 'meal', 'necessari', 'ensur', 'adequ', 'energi', 'case', 'next', 'kill', 'mani', 'day', 'away', 'exercis', 'unless', 'larg', 'hous', 'small', 'dog', 'unlik', 'get', 'enough', 'exercis', 'leav', 'alon', 'extend', 'time', 'need', 'access', 'outsid', 'abl', 'keep', 'fit', 'keep', 'destruct', 'bathroom', 'dog', 'paper', 'train', 'less', 'short', 'term', 'concern', 'typic', 'dog', 'need', 'reliev', 'frequent', 'home', 'often', 'put', 'right', 'bedtim', 'first', 'thing', 'morn', 'go', 'hour', 'overnight', 'miss', 'meal', 'forc', 'wait', 'busi', 'abl', 'manag', 'go', 'longer', '6', '8', 'hour', 'might', 'necessari', 'bring', 'dog', 'someon', 'check', 'let', 'possibl', 'fee', 'depend', 'dog', 'leav', 'outdoor', 'might', 'option', 'handl', 'bathroom', 'problem', 'unless', 'allow', 'roam', 'free', 'fenc', 'yard', 'solv', 'exercis', 'issu', 'even', 'would', 'uncomfort', 'leav', 'dog', 'outsid', 'unchain', 'fenc', 'yard', 'mani', 'dog', 'smart', 'enough', 'figur', 'way', 'want', 'solv', 'food', 'problem', 'still', 'need', 'back', 'time', 'feed', 'someon', 'fee', 'ultim', 'unless', 'outdoor', 'dog', 'one', 'kept', 'outsid', 'time', 'leav', 'alon', 'recommend', 'either', 'bark', 'uncomfort', 'stress', 'forc', 'confin', 'unfamiliar', 'situat', 'theft', 'anim', 'becom', 'concern', 'well']
91	['go', 'reiter', 'advic', 'give', 'answer', 'iklsr', 'ashley', 'want', 'add', 'inform', 'less', 'solut', 'cautionari', 'tale', 'tricki', 'question', 'real', 'way', 'predict', 'outcom', 'pet', 'receiv', 'first', 'newborn', 'even', 'subsequ', 'newborn', 'famili', 'first', 'child', 'babi', 'buy', 'rottweil', 'beauti', 'dog', 'well', 'train', 'obedi', 'second', 'child', 'bear', 'anoth', '6', 'year', 'approx', 'dog', 'never', 'accept', 'new', 'babi', 'newborn', 'would', 'make', 'littl', 'nois', 'dog', 'would', 'growl', 'keep', 'dog', 'babi', 'separ', 'time', 'could', 'risk', 'allow', 'dog', 'near', 'babi', 'dog', 'make', 'clear', 'like', 'love', 'dog', 'babi', 'keep', 'separ', 'third', 'babi', '18', 'month', 'second', 'well', 'needless', 'say', 'dog', 'never', 'meet', 'babi', 'two', 'event', 'defin', 'heart', 'break', 'dog', 'growl', 'go', 'near', 'food', 'bowl', 'eat', 'dog', 'master', 'pack', 'leader', 'obedi', 'train', 'walk', 'bath', 'fed', 'love', 'specif', 'train', 'allow', 'take', 'food', 'mouth', 'food', 'bone', 'etc', 'abl', 'handl', 'human', 'manner', 'see', 'case', 'dog', 'allow', 'owner', 'touch', 'certain', 'part', 'bodi', 'feel', 'leav', 'age', '55', 'kg', 'rottweil', 'becom', 'arthrit', 'happi', 'easi', 'go', 'young', 'self', 'one', 'day', 'littl', 'son', 'toddler', 'iron', 'gate', 'dog', 'one', 'side', 'gate', 'son', 'littl', 'boy', 'love', 'dog', 'tri', 'reach', 'bar', 'pat', 'dog', 'snap', 'agon', 'time', 'consult', 'local', 'veterinarian', 'make', 'decis', 'euthan', 'dog', 'dog', 'love', 'protect', 'first', 'babi', 'throughout', 'life', 'rottweil', 'weigh', 'time', 'amount', 'damag', 'could', 'inflict', 'would', 'far', 'great', 'pug', 'also', 'know', 'aggress', 'say', 'never', 'total', 'trust', 'breed', 'dog', 'outright', 'child', 'base', 'notion', 'particular', 'breed', 'dog', 'hand', 'speak', 'english', 'commun', 'part', 'mouth', 'sound', 'teeth', 'someth', 'alway', 'rememb', 'introduc', 'dog', 'babi', 'dog', 'pack', 'anim', 'one', 'lead', 'issu', 'behaviour', 'problem', 'dog', 'percept', 'high', 'rank', 'member', 'pack', 'human', 'dog', 'firm', 'notion', 'fit', 'human', 'pack', 'dog', 'accept', 'infant', 'part', 'pack', 'protect', 'pack', 'member', 'offspr', 'dog', 'also', 'becom', 'jealou', 'attent', 'bestow', 'infant', 'two', 'thing', 'may', 'sound', 'like', 'thing', 'actual', 'subtli', 'differ', 'bear', 'factor', 'mind', 'would', 'follow', 'advic', 'answer', 'make', 'sure', 'give', 'dog', 'plenti', 'pat', 'show', 'happi', 'whenev', 'walk', 'n', 'door', 'good', 'luck']
92	['natur', 'dog', 'light', 'smell', 'bath', 'dog', 'unless', 'get', 'dirti', 'dirt', 'simpli', 'rub', 'fur', 'use', 'dri', 'towel', 'would', 'prefer', 'bath', 'dog', 'waterproof', 'long', 'use', 'soap', 'much', 'worri', 'labrador', 'use', 'jump', 'everi', 'water', 'sourc', 'avail', 'matter', 'cold', 'smelli', 'need', 'use', 'soap', 'sure', 'use', 'soap', 'approv', 'use', 'dog', 'special', 'soap', 'avail', 'pet', 'store', 'onlin', 'affect', 'protect', 'layer', 'skin', 'much']
93	['gener', 'rule', 'whatev', 'breed', 'advis', 'bath', 'dog', 'month', 'unless', 'otherwis', 'instruct', 'vet', 'use', 'proper', 'shampoo', 'soap', 'bath', 'dog', 'often', 'coat', 'lose', 'shine', 'dog', 'becom', 'itchi', 'also', 'dog', 'natur', 'coat', 'protect', 'system', 'get', 'harm', 'bath', 'month', 'prefer', 'howev', 'bath', 'german', 'shepherd', 'twice', 'month', 'experi', 'anyth', 'problemat', 'far', 'smell', 'go', 'natur', 'dog', 'smell', 'bother']
94	['someth', 'bother', 'cat', 'like', 'happen', 'leav', 'alon', 'wait', 'relax', 'tri', 'calm', 'play', 'food', 'like', 'say', 'think', 'bad', 'behavior', 'result', 'reward', 'possibl', 'make', 'angri', 'anoth', 'cat', 'outsid', 'bug', 'want', 'leav', 'alon']
95	['ye', 'parasit', 'mite', 'vector', 'ill', 'effect', 'feed', 'snake', 'white', 'young', 'turn', 'dark', 'feed', 'would', 'becom', 'easi', 'see', 'also', 'irrit', 'snake', 'quit', 'bit', 'link', 'articl', 'inform', 'treatment', 'basic', 'bath', 'snake', 'possibl', 'also', 'oil', 'also', 'treat', 'hous', 'area', 'remov', 'mite', 'good', 'inform', 'treat', 'snake', 'articl', 'deal', 'snake', 'mite']
96	['sound', 'like', 'cat', 'upset', 'someth', 'tri', 'commun', 'tri', 'take', 'note', 'happen', 'immedi', 'preced', 'bout', 'food', 'dish', 'full', 'litter', 'clean', 'meow', 'tri', 'get', 'attent', 'interact', 'someon', 'someth', 'els', 'prior', 'see', 'cat', 'attack', 'owner', 'attack', 'rang', 'swat', 'claw', 'describ', 'full', 'ambush', 'behind', 'claw', 'latch', 'onto', 'person', 'templ', 'teeth', 'buri', 'top', 'head', 'everyth', 'get', 'affection', 'person', 'signific', 'make', 'cat', 'jealou', 'leav', 'litter', 'box', 'full', 'find', 'trigger', 'one', 'possibl', 'tri', 'scruff', 'cat', 'attack', 'help', 'establish', 'domin', 'member', 'famili', 'clearli', 'commun', 'behavior', 'undesir']
97	['think', 'sharpen', 'nail', 'like', 'anim', 'dog', 'sharpen', 'nail', 'rub', 'wood', 'furnitur', 'wooden', 'reason', 'dig', 'due', 'dog', 'natur', 'instinct', 'dig', 'hole', 'dog', 'dig', 'hole', 'make', 'den', 'way', 'show', 'place', 'use', 'hole', 'toilet', 'use', 'sleep', 'rest', 'etc', 'frankli', 'never', 'hear', 'dog', 'dig', 'furnitur', 'dog', 'dig', 'hole', 'soil', 'hear', 'problem', 'caus', 'may', 'either', 'two', 'possibl', 'reason', 'aforement']
98	['first', 'foremost', 'would', 'suggest', 'make', 'sure', 'child', 'perform', 'regular', 'chore', 'everi', 'day', 'without', 'fail', 'alreadi', 'pet', 'establish', 'daili', 'chore', 'surrog', 'alreadi', 'chore', 'assign', 'new', 'one', 'explain', 'see', 'would', 'handl', 'respons', 'pet', 'make', 'sure', 'chore', 'everi', 'singl', 'day', 'suggest', 'wait', 'least', 'month', 'make', 'sure', 'lose', 'interest', 'time', 'probabl', 'avoid', 'establish', 'clear', 'timefram', 'much', 'easi', 'keep', 'chore', 'third', 'week', 'know', '7', 'day', 'get', 'pet', 'want', 'also', 'expos', 'aspect', 'take', 'car', 'pet', 'find', 'friend', 'pet', 'type', 'consid', 'arrang', 'child', 'help', 'less', 'fun', 'task', 'walk', 'someon', 'els', 'dog', 'supervis', 'respons', 'pick', 'drop', 'big', 'test', 'child', 'commit', 'would', 'scoop', 'litter', 'cat', 'clean', 'rabbit', 'cage', 'clean', 'fish', 'tank', 'howev', 'sinc', 'sound', 'like', 'alreadi', 'dog', 'best', 'demonstr', 'simpli', 'take', 'respons', 'feed', 'walk', 'dog', 'fine', 'supervis', 'particularli', 'physic', 'big', 'enough', 'safe', 'walk', 'dog', 'put', 'charg', 'pick', 'drop', 'dispos', 'safe', 'shoulder', 'portion', 'burden', 'care', 'pet', 'alreadi', 'household', 'readi', 'pet']
99	['lot', 'duti', 'one', 'pet', 'take', 'care', 'pet', 'requir', 'commit', 'take', 'huge', 'respons', 'sinc', 'dog', 'hous', 'understand', 'child', 'know', 'well', 'say', 'give', 'day', 'day', 'duti', 'child', 'slowli', 'current', 'dog', 'see', 'feel', 'interest', 'case', 'love', 'work', 'much', 'import', 'love', 'come', 'insid', 'upon', 'observ', 'appear', 'unhappi', 'execut', 'duti', 'realli', 'love', 'job', 'let', 'pet', 'tri', 'push', 'one', 'realli', 'reluct', 'face', 'problem', 'buy', 'pet', 'respons', 'new', 'pet', 'turn', 'add', 'burden', 'decid', 'wise']
100	['gener', 'call', 'mat', 'particularli', 'problem', 'long', 'hair', 'cat', 'short', 'hair', 'cat', 'get', 'suscept', 'spring', 'fall', 'shed', 'season', 'coat', 'also', 'overweight', 'cat', 'might', 'get', 'part', 'easili', 'reach', 'groom', 'e', 'back', 'prevent', 'quit', 'simpl', 'brush', 'cat', 'regularli', 'unlik', 'occur', 'main', 'goal', 'facilit', 'shed', 'recommend', 'strong', 'wire', 'brush', 'often', 'call', 'cat', 'rake', 'exampl', 'someth', 'like', 'reason', 'sort', 'brush', 'get', 'undercoat', 'mat', 'gener', 'develop', 'brush', 'cat', 'want', 'fairli', 'aggress', 'tend', 'like', 'advantag', 'regular', 'brush', 'cat', 'like', 'love', 'shed', 'less', 'cat', 'indoor', 'santiz', 'brush', 'dirt', 'cat', 'litter', 'help', 'prevent', 'hairbal', 'well', 'far', 'caus', 'entir', 'sure', 'think', 'probabl', 'similar', 'cord', 'alway', 'end', 'get', 'tangl']
